account,dateProcessed,id,type,referenece,description,amount,category
Business,2024/05/06,2024050601,A/P,"ASB KiwiSaver","A/P 011-060-749 RYAN kiwisaver",-100.00,Transfer
Business,2024/05/13,2024051301,A/P,"ASB KiwiSaver","A/P 011-060-749 RYAN kiwisaver",-100.00,Transfer
Business,2024/05/20,2024052001,A/P,"ASB KiwiSaver","A/P 011-060-749 RYAN kiwisaver",-100.00,Transfer
Business,2024/05/20,2024052002,A/P,"Kennedy Assoc","A/P Accountant Xero fees",-38.00,Transfer
Business,2024/05/21,2024052101,D/D,"SPARK NZ TRADING","D/D 071108248444 240504240521",-40.19,Phones Internet TV
Business,2024/05/22,2024052201,EFTPOS,"The Waterfront Bar & Kit Paraparaumu","EFTPOS",-128.00,Holidays and Entertainment
Business,2024/05/27,2024052701,A/P,"ASB KiwiSaver","A/P 011-060-749 RYAN kiwisaver",-100.00,Transfer
Business,2024/05/27,2024052702,D/C,"D/C FROM REFRACTION DA","MOH MDM  APR 24",30912.00,Transfer
Business,2024/05/27,2024052703,D/C,"D/C FROM REFRACTION DA","MOH MDM  MAR 24",29440.00,Transfer
Business,2024/05/27,2024052704,D/C,"D/C FROM REFRACTION DA","MOH MDM  FEB 24",29440.00,Transfer
Business,2024/05/29,2024052901,TFR OUT,"MB TRANSFER","TO 12-3140- 0131102-04 drawings",-22120.00,Transfer
Business,2024/05/29,2024052902,TFR OUT,"MB TRANSFER","TO 12-3140- 0131102-00 drawings",-3000.00,Transfer
Business,2024/05/29,2024052903,TFR OUT,"MB TRANSFER","TO 12-3157- 0148824-50 transfer",-60000.00,Transfer
Business,2024/06/03,2024060301,A/P,"ASB KiwiSaver","A/P 011-060-749 RYAN kiwisaver",-100.00,Transfer
Business,2024/06/07,2024060701,TFR OUT,"MB TRANSFER","TO 12-3140- 0131102-04 drawings",-100.00,Transfer
Business,2024/06/10,2024061001,A/P,"ASB KiwiSaver","A/P 011-060-749 RYAN kiwisaver",-100.00,Transfer
Business,2024/06/10,2024061002,TFR OUT,"FN TRANSFER","TO 12-3157- 0148824-00 transfer",-280.00,Transfer
Business,2024/06/17,2024061701,A/P,"ASB KiwiSaver","A/P 011-060-749 RYAN kiwisaver",-100.00,Transfer
Business,2024/06/19,2024061901,D/D,"SPARK NZ TRADING","D/D 071108248444 240604240619",-40.19,Phones Internet TV
Business,2024/06/20,2024062001,A/P,"Kennedy Assoc","A/P Accountant Xero fees",-38.00,Transfer
Business,2024/06/20,2024062002,EFTPOS,"TatsushiWellington","EFTPOS",-25.50,Food
Business,2024/06/24,2024062401,A/P,"ASB KiwiSaver","A/P 011-060-749 RYAN kiwisaver",-100.00,Transfer
Business,2024/06/28,2024062801,TFR OUT,"MB TRANSFER","TO 12-3140- 0131102-00 drawings",-2500.00,Transfer
Business,2024/06/30,2024063001,BILLPAY,"PMT TO FC TELECOM","BILL PAYMENT TO Telecom shopmobile",-179.37,Phones Internet TV
Business,2024/07/01,2024070101,A/P,"ASB KiwiSaver","A/P 011-060-749 RYAN kiwisaver",-100.00,Transfer
Business,2024/07/08,2024070801,A/P,"ASB KiwiSaver","A/P 011-060-749 RYAN kiwisaver",-100.00,Transfer
Business,2024/07/15,2024071501,A/P,"ASB KiwiSaver","A/P 011-060-749 RYAN kiwisaver",-100.00,Transfer
Business,2024/07/19,2024071901,D/D,"SPARK NZ TRADING","D/D 071108248444 240704240719",-40.39,Phones Internet TV
Business,2024/07/20,2024072001,A/P,"Kennedy Assoc","A/P Accountant Xero fees",-38.00,Transfer
Business,2024/07/22,2024072201,A/P,"ASB KiwiSaver","A/P 011-060-749 RYAN kiwisaver",-100.00,Transfer
Business,2024/07/22,2024072202,EFTPOS,"Burger Liquor Wellington","EFTPOS",-19.90,no category
Business,2024/07/29,2024072901,A/P,"ASB KiwiSaver","A/P 011-060-749 RYAN kiwisaver",-100.00,Transfer
Business,2024/08/01,2024080101,EFTPOS,"LONG BEACH WAIKANAE WAIKANAE","EFTPOS",-213.00,Holidays and Entertainment
Business,2024/08/02,2024080201,EFTPOS,"WELLINGTON -SNAPPER WELLINGTNO","EFTPOS",-100.00,Car
Business,2024/08/05,2024080501,A/P,"ASB KiwiSaver","A/P 011-060-749 RYAN kiwisaver",-100.00,Transfer
Business,2024/08/12,2024081201,A/P,"ASB KiwiSaver","A/P 011-060-749 RYAN kiwisaver",-100.00,Transfer
Business,2024/08/13,2024081301,EFTPOS,"MOJO CENTRALWELLINGTON","EFTPOS",-10.40,Food
Business,2024/08/19,2024081901,A/P,"ASB KiwiSaver","A/P 011-060-749 RYAN kiwisaver",-100.00,Transfer
Business,2024/08/20,2024082001,A/P,"Kennedy Assoc","A/P Accountant Xero fees",-38.00,Transfer
Business,2024/08/20,2024082002,TFR IN,"FN TRANSFER","EX 12-3157- 0148824-50 transfer",14000.00,Transfer
Business,2024/08/20,2024082003,TFR IN,"FN TRANSFER","EX 12-3140- 0131102-04 funds",10000.00,Transfer
Business,2024/08/20,2024082004,BILLPAY,"PMT TO IRD Payment","BILL PAYMENT TO INC31032025 IRD018975203 31 Mar 2025",-5142.00,Transfer
Business,2024/08/20,2024082005,BILLPAY,"PMT TO IRD Payment","BILL PAYMENT TO INC31032025 IRD011060749 31 Mar 2025",-18500.00,Transfer
Business,2024/08/20,2024082006,D/D,"SPARK NZ TRADING","D/D 071108248444 240804240820",-40.68,Phones Internet TV
Business,2024/08/25,2024082501,D/C,"D/C FROM REFRACTION DA","MOH MDM  JULY 24",33856.00,Transfer
Business,2024/08/25,2024082502,D/C,"D/C FROM REFRACTION DA","MOH MDM  JUNE 24",26496.00,Transfer
Business,2024/08/25,2024082503,D/C,"D/C FROM REFRACTION DA","MOH MDM  MAY 24",33856.00,Transfer
Business,2024/08/26,2024082601,A/P,"ASB KiwiSaver","A/P 011-060-749 RYAN kiwisaver",-100.00,Transfer
Business,2024/08/29,2024082901,TFR OUT,"FN TRANSFER","TO 12-3140- 0131102-04 drawings",-25000.00,Transfer
Business,2024/08/29,2024082902,TFR OUT,"FN TRANSFER","TO 12-3140- 0131102-50 drawings",-10000.00,Transfer
Business,2024/08/29,2024082903,TFR OUT,"FN TRANSFER","TO 12-3140- 0131102-04 drawings",-100.00,Transfer
Business,2024/08/29,2024082904,TFR OUT,"FN TRANSFER","TO 12-3157- 0148824-50 transfer",-50000.00,Transfer
Business,2024/09/02,2024090201,A/P,"ASB KiwiSaver","A/P 011-060-749 RYAN kiwisaver",-100.00,Transfer
Business,2024/09/09,2024090901,A/P,"ASB KiwiSaver","A/P 011-060-749 RYAN kiwisaver",-100.00,Transfer
Business,2024/09/16,2024091601,A/P,"ASB KiwiSaver","A/P 011-060-749 RYAN kiwisaver",-100.00,Transfer
Business,2024/09/18,2024091801,EFTPOS,"BEST UGLY BAGELS WELLING RONGOTAI WEL","EFTPOS",-15.90,Pat
Business,2024/09/18,2024091802,EFTPOS,"ABLE CABSINVERCARGILL","EFTPOS",-25.00,Pat
Business,2024/09/18,2024091803,EFTPOS,"THE LANGLANDS HOTEL INVERCARGILL","EFTPOS",-12.70,Pat
Business,2024/09/19,2024091901,D/D,"SPARK NZ TRADING","D/D 071108248444 240904240919",-39.99,Phones Internet TV
Business,2024/09/20,2024092001,A/P,"Kennedy Assoc","A/P Accountant Xero fees",-38.00,Transfer
Business,2024/09/23,2024092301,A/P,"ASB KiwiSaver","A/P 011-060-749 RYAN kiwisaver",-100.00,Transfer
Business,2024/09/30,2024093001,A/P,"ASB KiwiSaver","A/P 011-060-749 RYAN kiwisaver",-100.00,Transfer
Business,2024/10/05,2024100501,EFTPOS,"Hey CoastieLimited Waikanae","EFTPOS",-82.30,Holidays and Entertainment
Business,2024/10/07,2024100701,A/P,"ASB KiwiSaver","A/P 011-060-749 RYAN kiwisaver",-100.00,Transfer
Business,2024/10/07,2024100702,TFR IN,"FN TRANSFER","EX 12-3157- 0148824-50 transfer",4000.00,Transfer
Business,2024/10/07,2024100703,BILLPAY,"PMT TO IRD Payment","BILL PAYMENT TO GST IRD107603314 30 Sep 2024",-12247.02,Transfer
Business,2024/10/07,2024100704,TFR IN,"MB TRANSFER","EX 12-3157- 0148824-50 transfer",5000.00,Transfer
Business,2024/10/07,2024100705,TFR OUT,"MB TRANSFER","TO CARD 8920  drawings",-5000.00,Transfer
Business,2024/10/14,2024101401,A/P,"ASB KiwiSaver","A/P 011-060-749 RYAN kiwisaver",-100.00,Transfer
Business,2024/10/20,2024102001,A/P,"Kennedy Assoc","A/P Accountant Xero fees",-38.00,Transfer
Business,2024/10/21,2024102101,A/P,"ASB KiwiSaver","A/P 011-060-749 RYAN kiwisaver",-100.00,Transfer
Business,2024/10/21,2024102102,D/D,"SPARK NZ TRADING","D/D 071108248444 241004241021",-39.99,Phones Internet TV
Business,2024/10/28,2024102801,A/P,"ASB KiwiSaver","A/P 011-060-749 RYAN kiwisaver",-100.00,Transfer
Business,2024/11/04,2024110401,A/P,"ASB KiwiSaver","A/P 011-060-749 RYAN kiwisaver",-100.00,Transfer
Business,2024/11/04,2024110402,BILLPAY,"PMT TO FC02-0733-0071244-00","BILL PAYMENT TO Accountant companyoffic return",-80.00,Transfer
Business,2024/11/04,2024110403,D/D,"BizCover","D/D 627504577",-67.05,Transfer
Business,2024/11/11,2024111101,A/P,"ASB KiwiSaver","A/P 011-060-749 RYAN kiwisaver",-100.00,Transfer
Business,2024/11/11,2024111102,TFR IN,"MB TRANSFER","EX 12-3157- 0148824-50 transfer",1000.00,Transfer
Business,2024/11/18,2024111801,A/P,"ASB KiwiSaver","A/P 011-060-749 RYAN kiwisaver",-100.00,Transfer
Business,2024/11/18,2024111802,EFTPOS,"WELLINGTON -SNAPPER WELLINGTNO","EFTPOS",-100.00,Car
Business,2024/11/19,2024111901,D/D,"SPARK NZ TRADING","D/D 071108248444 241104241119",-41.46,Phones Internet TV
Business,2024/11/20,2024112001,A/P,"Kennedy Assoc","A/P Accountant Xero fees",-38.00,Transfer
Business,2024/11/25,2024112501,A/P,"ASB KiwiSaver","A/P 011-060-749 RYAN kiwisaver",-100.00,Transfer
Business,2024/11/26,2024112601,D/C,"D/C FROM I.R.D. 018-975-203","D1323885904# INC 31/03/2024",682.31,Transfer
Business,2024/11/27,2024112701,D/D,"BizCover","D/D 633084702",-67.05,Transfer
Business,2024/12/02,2024120201,A/P,"ASB KiwiSaver","A/P 011-060-749 RYAN kiwisaver",-100.00,Transfer
Business,2024/12/04,2024120401,D/C,"D/C FROM I.R.D. 107-603-314","D2116848976# INC 31/03/2024",212.65,Transfer
Streamline,2024/06/10,2024061001,D/D,"Royal New Zealand Fo","D/D ",-35.00,Gifts
Streamline,2024/06/11,2024061101,BILLPAY,"PMT TO FC38-9023-0617055-00","BILL PAYMENT TO Counselling 11June inv4148",-150.00,health
Streamline,2024/06/13,2024061301,BILLPAY,"PMT TO FC03-0887-0262289-00","BILL PAYMENT TO Mum beer delivery",-70.00,Transfer
Streamline,2024/06/13,2024061302,D/C,"D/C FROM BRADLEY, J R","beer mule fe  Dad",60.00,Transfer
Streamline,2024/06/14,2024061401,A/P,"Our savings","A/P savings",-500.00,Transfer
Streamline,2024/06/14,2024061402,D/D,"KCDC RATES","D/D KAPITI RATES 21 GAVIN RD 1528235800",-152.35,House and Garden
Streamline,2024/06/16,2024061601,EFTPOS,"Composting Waikanae Paraparaumu","EFTPOS",-8.00,House Maintenance
Streamline,2024/06/19,2024061901,EFTPOS,"M & M MASTERBUTCHERS PARAPARAUMU","EFTPOS",-12.00,Food
Streamline,2024/06/20,2024062001,BILLPAY,"PMT TO FC03-1502-0044526-00","BILL PAYMENT TO KaseyLiveLif sess24May inv0183",-172.50,health
Streamline,2024/06/20,2024062002,BILLPAY,"PMT TO FC03-0732-0443448-00","BILL PAYMENT TO chart3168 script RYAN",-30.00,health
Streamline,2024/06/20,2024062003,D/D,"Southern Cross Healt","D/D 000033709685 2040493",-96.06,Insurance
Streamline,2024/06/21,2024062101,A/P,"Our savings","A/P savings",-500.00,Transfer
Streamline,2024/06/26,2024062601,TFR IN,"FN TRANSFER","EX 12-3157- 0148824-50 drawings",10000.00,Transfer
Streamline,2024/06/26,2024062602,BILLPAY,"PMT TO FC01-0505-0915492-00","BILL PAYMENT TO Hurricane Roof inv0810",-10143.00,House and Garden
Streamline,2024/06/26,2024062603,EFTPOS,"KAPITI RADIATORS & TYRES PARAPARAUMU","EFTPOS",-538.00,Car
Streamline,2024/06/27,2024062701,D/D,"MERCURY NZ LTD","D/D MERCURY LIMI 00022297861 110038746",-504.16,Power
Streamline,2024/06/28,2024062801,A/P,"Our savings","A/P savings",-500.00,Transfer
Streamline,2024/06/28,2024062802,D/D,"KCDC RATES","D/D KAPITI RATES 21 GAVIN RD 1528235800",-152.35,House and Garden
Streamline,2024/06/28,2024062803,TFR IN,"MB TRANSFER","EX 12-3157- 0148824-01 drawings",2500.00,Transfer
Streamline,2024/06/30,2024063001,BILLPAY,"PMT TO FC03-0732-0306101-00","BILL PAYMENT TO dogrego 034679 46110",-109.00,Rosie
Streamline,2024/07/02,2024070201,EFTPOS,"MOJO CENTRALWELLINGTON","EFTPOS",-10.40,Food
Streamline,2024/07/02,2024070202,BILLPAY,"PMT TO FC03-1502-0044526-00","BILL PAYMENT TO KaseyLiveLif sess24May inv0188",-172.50,health
Streamline,2024/07/04,2024070401,EFTPOS,"The Cut Hairdressing Otaki","EFTPOS",-100.00,Helen
Streamline,2024/07/04,2024070402,EFTPOS,"PARAPARAUMUTAXIS NEWMARKET","EFTPOS",-20.60,Car
Streamline,2024/07/04,2024070403,EFTPOS,"Kapiti Dental Clinic Paraparaumu","EFTPOS",-79.00,health
Streamline,2024/07/04,2024070404,EFTPOS,"LIFE PHARMACY KAPITI CST PARAPARAUMU","EFTPOS",-31.99,health
Streamline,2024/07/04,2024070405,D/D,"Southern Cross Healt","D/D 000033845470 2040493",-96.06,Insurance
Streamline,2024/07/05,2024070501,A/P,"Our savings","A/P savings",-500.00,Transfer
Streamline,2024/07/05,2024070502,BILLPAY,"PMT TO FC06-0730-0291751-00","BILL PAYMENT TO halfpineelm firewood",-285.00,Power
Streamline,2024/07/07,2024070701,ATM,"WITHDRAWAL","ATM",-250.00,Holidays and Entertainment
Streamline,2024/07/08,2024070801,A/P,"ASB KiwiSaver","A/P 018-975-203 Ryan kiwisaver",-100.00,Transfer
Streamline,2024/07/08,2024070802,D/D,"ENVIRO NZ","D/D ENVIRO NZ SE  EC0000118469",-53.46,House and Garden
Streamline,2024/07/10,2024071001,D/D,"Royal New Zealand Fo","D/D ",-35.00,Gifts
Streamline,2024/07/12,2024071201,A/P,"Our savings","A/P savings",-500.00,Transfer
Streamline,2024/07/12,2024071202,D/D,"KCDC RATES","D/D KAPITI RATES 21 GAVIN RD 1528235800",-152.35,House and Garden
Streamline,2024/07/12,2024071203,TFR IN,"FN TRANSFER","EX 12-3157- 0148824-50 drawings",10000.00,Transfer
Streamline,2024/07/13,2024071301,BILLPAY,"PMT TO FC03-1502-0044526-00","BILL PAYMENT TO KaseyLiveLif sess6June inv0206",-172.50,health
Streamline,2024/07/15,2024071501,EFTPOS,"Cafe PalmsParaparaumu","EFTPOS",-18.00,Food
Streamline,2024/07/16,2024071601,EFTPOS,"The Dogs Dinner Comp Paraparaumu","EFTPOS",-34.00,Transfer
Streamline,2024/07/18,2024071801,D/D,"Southern Cross Healt","D/D 000033979180 2040493",-96.06,Insurance
Streamline,2024/07/19,2024071901,A/P,"Our savings","A/P savings",-500.00,Transfer
Streamline,2024/07/23,2024072301,D/D,"MERCURY NZ LTD","D/D MERCURY LIMI 00022606682 110038746",-350.53,Power
Streamline,2024/07/26,2024072601,A/P,"Our savings","A/P savings",-500.00,Transfer
Streamline,2024/07/26,2024072602,D/D,"KCDC RATES","D/D KAPITI RATES 21 GAVIN RD 1528235800",-152.35,House and Garden
Streamline,2024/07/30,2024073001,CREDIT,"CREDIT"," INT COMP CLOCT16479 02101177",0.13,Interest and Bank Charges
Streamline,2024/07/30,2024073002,EFTPOS,"EDSERS SHOEREPAIRS KAPITI LIGHT","EFTPOS",-26.00,Helen
Streamline,2024/07/30,2024073003,BILLPAY,"PMT TO FC03-1502-0044526-00","BILL PAYMENT TO KaseyLiveLif sess29May inv0189",-172.50,health
Streamline,2024/08/01,2024080101,D/D,"Southern Cross Healt","D/D 000034113326 2040493",-96.06,Insurance
Streamline,2024/08/02,2024080201,A/P,"Our savings","A/P savings",-500.00,Transfer
Streamline,2024/08/02,2024080202,BILLPAY,"PMT TO FC03-1502-0044526-00","BILL PAYMENT TO KaseyLiveLif sess14June inv0218",-172.50,health
Streamline,2024/08/02,2024080203,EFTPOS,"MARY POTTERHOSPICE PARAPARAUMU","EFTPOS",-20.00,House and Garden
Streamline,2024/08/02,2024080204,EFTPOS,"Salvation Army Paraparaumu","EFTPOS",-24.00,House and Garden
Streamline,2024/08/02,2024080205,EFTPOS,"Warehouse Stationery  Co Paraparaumu","EFTPOS",-2.50,Helen
Streamline,2024/08/02,2024080206,EFTPOS,"PAPER PLUS BOOKS COASTLA PARAPARAUMU","EFTPOS",-19.98,Helen
Streamline,2024/08/02,2024080207,EFTPOS,"WHITCOULLS 2011 LTD COASTLANDS","EFTPOS",-5.99,Gifts
Streamline,2024/08/02,2024080208,EFTPOS,"PARAPARAUMUTAXIS NEWMARKET","EFTPOS",-16.20,Car
Streamline,2024/08/03,2024080301,EFTPOS,"Coastech Technology Paraparaumu","EFTPOS",-120.00,Phones Internet TV
Streamline,2024/08/05,2024080501,D/C,"D/C FROM MCFARLANE PJ&TE","Ute",11000.00,Transfer
Streamline,2024/08/06,2024080601,D/D,"ENVIRO NZ","D/D ENVIRO NZ SE  EC0000118469",-53.46,House and Garden
Streamline,2024/08/07,2024080701,BILLPAY,"PMT TO FC01-0546-0256382-00","BILL PAYMENT TO SalviEspress rocketservic inv10019660",-411.14,House Maintenance
Streamline,2024/08/07,2024080702,BILLPAY,"PMT TO FC03-0732-0306101-00","BILL PAYMENT TO KDC water rates",-87.61,House and Garden
Streamline,2024/08/07,2024080703,TFR OUT,"MB TRANSFER","TO CARD 8920  THANK YOU",-7300.00,Transfer
Streamline,2024/08/08,2024080801,A/P,"ASB KiwiSaver","A/P 018-975-203 Ryan kiwisaver",-100.00,Transfer
Streamline,2024/08/09,2024080901,A/P,"Our savings","A/P savings",-500.00,Transfer
Streamline,2024/08/09,2024080902,D/D,"KCDC RATES","D/D KAPITI RATES 21 GAVIN RD 1528235800",-152.35,House and Garden
Streamline,2024/08/12,2024081201,D/D,"Royal New Zealand Fo","D/D ",-35.00,Gifts
Streamline,2024/08/13,2024081301,DEBIT,"DEBIT","IMT AUD 70.35 NewDirection inv 1937564",-83.18,Transfer
Streamline,2024/08/14,2024081401,TFR OUT,"3009130802388642","NTRFFEE  240814002971",-19.99,Interest and Bank Charges
Streamline,2024/08/15,2024081501,BILLPAY,"PMT TO FC38-9022-0731024-00","BILL PAYMENT TO Harrisons carpet inv1198",-2510.00,House and Garden
Streamline,2024/08/15,2024081502,D/D,"Southern Cross Healt","D/D 000034245880 2040493",-96.06,Insurance
Streamline,2024/08/16,2024081601,A/P,"Our savings","A/P savings",-500.00,Transfer
Streamline,2024/08/17,2024081701,BILLPAY,"PMT TO FC38-9009-0796501-00","BILL PAYMENT TO Dr Peter script CH2563",-45.00,health
Streamline,2024/08/17,2024081702,BILLPAY,"PMT TO FC03-1502-0044526-00","BILL PAYMENT TO KaseyLiveLif sess5July inv0230",-172.50,health
Streamline,2024/08/17,2024081703,BILLPAY,"PMT TO FC03-0732-0443448-00","BILL PAYMENT TO script RYAN CHART3168",-30.00,health
Streamline,2024/08/19,2024081901,EFTPOS,"Kapiti Woodfires Paraparaumu","EFTPOS",-20.00,Power
Streamline,2024/08/20,2024082001,D/C,"D/C FROM BURNEY AND WILSON LI","Harrisons  overpayment",1255.00,House and Garden
Streamline,2024/08/21,2024082101,BILLPAY,"PMT TO FC12-3157-0180277-50","BILL PAYMENT TO Mum Dad cushion",-40.00,Gifts
Streamline,2024/08/22,2024082201,D/C,"D/C FROM From MR F J RYAN","Fergus",690.00,Transfer
Streamline,2024/08/23,2024082301,A/P,"Our savings","A/P savings",-500.00,Transfer
Streamline,2024/08/23,2024082302,BILLPAY,"PMT TO FC03-1502-0044526-00","BILL PAYMENT TO KaseyLiveLif sess19July inv0238",-172.50,health
Streamline,2024/08/23,2024082303,EFTPOS,"Benniks Poultry Farm Levin","EFTPOS",-25.20,House and Garden
Streamline,2024/08/23,2024082304,D/D,"KCDC RATES","D/D KAPITI RATES 21 GAVIN RD 1528235800",-152.35,House and Garden
Streamline,2024/08/26,2024082601,D/D,"MERCURY NZ LTD","D/D MERCURY LIMI 00022973540 110038746",-363.50,Power
Streamline,2024/08/29,2024082901,BILLPAY,"PMT TO FC01-1841-0077779-00","BILL PAYMENT TO JillGoldson therapy sess2Sept",-350.00,health
Streamline,2024/08/29,2024082902,D/D,"Southern Cross Healt","D/D 000034824605 2040493",-96.06,Insurance
Streamline,2024/08/30,2024083001,A/P,"Our savings","A/P savings",-500.00,Transfer
Streamline,2024/08/31,2024083101,EFTPOS,"Composting Waikanae Paraparaumu","EFTPOS",-20.00,House Maintenance
Streamline,2024/09/02,2024090201,EFTPOS,"The Cut Hairdressing Otaki","EFTPOS",-100.00,Helen
Streamline,2024/09/03,2024090301,BILLPAY,"PMT TO FC03-1502-0044526-00","BILL PAYMENT TO KaseyLiveLif sess26July inv0251",-172.50,health
Streamline,2024/09/04,2024090401,BILLPAY,"PMT TO FC01-1841-0077779-00","BILL PAYMENT TO Jill family sess4Sept",-350.00,health
Streamline,2024/09/06,2024090601,A/P,"Our savings","A/P savings",-500.00,Transfer
Streamline,2024/09/06,2024090602,D/D,"KCDC RATES","D/D KAPITI RATES 21 GAVIN RD 1528235800",-152.35,House and Garden
Streamline,2024/09/06,2024090603,D/D,"ENVIRO NZ","D/D ENVIRO NZ SE  EC0000118469",-53.46,House and Garden
Streamline,2024/09/08,2024090801,A/P,"ASB KiwiSaver","A/P 018-975-203 Ryan kiwisaver",-100.00,Transfer
Streamline,2024/09/10,2024091001,D/D,"Royal New Zealand Fo","D/D ",-35.00,Gifts
Streamline,2024/09/12,2024091201,D/D,"Southern Cross Healt","D/D 000035459221 2040493",-96.06,Insurance
Streamline,2024/09/13,2024091301,A/P,"Our savings","A/P savings",-500.00,Transfer
Streamline,2024/09/19,2024091901,BILLPAY,"PMT TO FC06-0541-0630021-00","BILL PAYMENT TO Dizzyphysio 19Sept inv25063",-125.00,health
Streamline,2024/09/20,2024092001,A/P,"Our savings","A/P savings",-500.00,Transfer
Streamline,2024/09/20,2024092002,D/D,"KCDC RATES","D/D KAPITI RATES 21 GAVIN RD 1528235800",-187.84,House and Garden
Streamline,2024/09/24,2024092401,D/D,"MERCURY NZ LTD","D/D MERCURY LIMI 00023302937 110038746",-273.54,Power
Streamline,2024/09/25,2024092501,BILLPAY,"PMT TO FC03-1502-0044526-00","BILL PAYMENT TO KaseyLiveLif sess9Aug inv0271",-172.50,health
Streamline,2024/09/26,2024092601,BILLPAY,"PMT TO FC03-0887-0262289-00","BILL PAYMENT TO Mum catherine",-40.00,Gifts
Streamline,2024/09/26,2024092602,D/D,"Southern Cross Healt","D/D 000035667006 2040493",-96.06,Insurance
Streamline,2024/09/27,2024092701,A/P,"Our savings","A/P savings",-500.00,Transfer
Streamline,2024/09/27,2024092702,BILLPAY,"PMT TO FC03-0732-0443448-00","BILL PAYMENT TO script RYAN CHART3168",-30.00,health
Streamline,2024/10/01,2024100101,EFTPOS,"Norca Rug CoLevin","EFTPOS",-127.50,House and Garden
Streamline,2024/10/02,2024100201,BILLPAY,"PMT TO FC03-0732-0443448-00","BILL PAYMENT TO script RYAN CHART3168",-30.00,health
Streamline,2024/10/03,2024100301,BILLPAY,"PMT TO FC38-9009-0796501-00","BILL PAYMENT TO Dr Peter script CH2563",-45.00,health
Streamline,2024/10/04,2024100401,A/P,"Our savings","A/P savings",-500.00,Transfer
Streamline,2024/10/04,2024100402,D/D,"KCDC RATES","D/D KAPITI RATES 21 GAVIN RD 1528235800",-187.84,House and Garden
Streamline,2024/10/07,2024100701,D/D,"ENVIRO NZ","D/D ENVIRO NZ SE  EC0000118469",-53.46,House and Garden
Streamline,2024/10/08,2024100801,A/P,"ASB KiwiSaver","A/P 018-975-203 Ryan kiwisaver",-100.00,Transfer
Streamline,2024/10/09,2024100901,EFTPOS,"WOOLWORTHS NZ   9460 PARAPARAUMNZ","EFTPOS",-7.00,Food
Streamline,2024/10/10,2024101001,D/D,"Royal New Zealand Fo","D/D ",-35.00,Gifts
Streamline,2024/10/10,2024101002,D/D,"Southern Cross Healt","D/D 000035800181 2040493",-83.96,Insurance
Streamline,2024/10/11,2024101101,A/P,"Our savings","A/P savings",-500.00,Transfer
Streamline,2024/10/12,2024101201,TFR IN,"MB TRANSFER","EX 12-3157- 0148824-50 drawings",10000.00,Transfer
Streamline,2024/10/12,2024101202,TFR OUT,"MB TRANSFER","TO 12-3140- 0131102-04 funds",-100.00,Transfer
Streamline,2024/10/13,2024101301,BILLPAY,"PMT TO FC38-9024-0101990-01","BILL PAYMENT TO outdoor chairs",-600.00,Holidays and Entertainment
Streamline,2024/10/15,2024101501,EFTPOS,"The Cut Hairdressing Otaki","EFTPOS",-100.00,Helen
Streamline,2024/10/16,2024101601,EFTPOS,"Hartleys Hair Co. Paraparaumu","EFTPOS",-48.00,Pat
Streamline,2024/10/18,2024101801,A/P,"Our savings","A/P savings",-500.00,Transfer
Streamline,2024/10/18,2024101802,D/D,"KCDC RATES","D/D KAPITI RATES 21 GAVIN RD 1528235800",-187.84,House and Garden
Streamline,2024/10/24,2024102401,D/D,"MERCURY NZ LTD","D/D MERCURY LIMI 00023651322 110038746",-231.08,Power
Streamline,2024/10/24,2024102402,D/D,"Southern Cross Healt","D/D 000035942669 2040493",-109.21,Insurance
Streamline,2024/10/25,2024102501,A/P,"Our savings","A/P savings",-500.00,Transfer
Streamline,2024/10/25,2024102502,EFTPOS,"Kapiti Kennels Paraparaumu","EFTPOS",-285.00,Holidays and Entertainment
Streamline,2024/10/29,2024102901,D/C,"D/C FROM MCFARLANE PJ&TE","",45.00,Gifts
Streamline,2024/10/29,2024102902,D/C,"D/C FROM FLP","FLP100009 Withdrawal Lifetime",3.45,Insurance
Streamline,2024/11/01,2024110101,A/P,"Our savings","A/P savings",-500.00,Transfer
Streamline,2024/11/01,2024110102,D/D,"KCDC RATES","D/D KAPITI RATES 21 GAVIN RD 1528235800",-187.84,House and Garden
Streamline,2024/11/02,2024110201,INT,"ASB BANK - INTEREST","",-0.10,Interest and Bank Charges
Streamline,2024/11/02,2024110202,BILLPAY,"PMT TO FC12-3157-0180277-50","BILL PAYMENT TO Ferg xmas callofduty",-120.00,Gifts
Streamline,2024/11/06,2024110601,D/D,"ENVIRO NZ","D/D ENVIRO NZ SE  EC0000118469",-53.46,House and Garden
Streamline,2024/11/07,2024110701,D/D,"Southern Cross Healt","D/D 000036074013 2040493",-109.21,Insurance
Streamline,2024/11/08,2024110801,A/P,"Our savings","A/P savings",-500.00,Transfer
Streamline,2024/11/08,2024110802,A/P,"ASB KiwiSaver","A/P 018-975-203 Ryan kiwisaver",-100.00,Transfer
Streamline,2024/11/08,2024110803,BILLPAY,"PMT TO FC12-3157-0180277-50","BILL PAYMENT TO Fergus Darceys birthday",-100.00,Gifts
Streamline,2024/11/10,2024111001,D/D,"Royal New Zealand Fo","D/D ",-35.00,Gifts
Streamline,2024/11/12,2024111201,BILLPAY,"PMT TO FC03-0732-0306101-00","BILL PAYMENT TO KDC water rates",-94.69,House and Garden
Streamline,2024/11/15,2024111501,A/P,"Our savings","A/P savings",-500.00,Transfer
Streamline,2024/11/15,2024111502,D/D,"KCDC RATES","D/D KAPITI RATES 21 GAVIN RD 1528235800",-187.84,House and Garden
Streamline,2024/11/16,2024111601,DEBIT,"DEBIT","IMT NZD 179.00 CF3528811",-184.00,Pat
Streamline,2024/11/19,2024111901,TFR OUT,"3009161102446315","NTRFFEE  241119004011",-25.00,Interest and Bank Charges
Streamline,2024/11/20,2024112001,BILLPAY,"PMT TO FC12-3157-0180277-00","BILL PAYMENT TO Fergus cake",-49.00,Gifts
Streamline,2024/11/21,2024112101,D/D,"Southern Cross Healt","D/D 000036203910 2040493",-109.21,Insurance
Streamline,2024/11/22,2024112201,A/P,"Our savings","A/P savings",-500.00,Transfer
Streamline,2024/11/22,2024112202,BILLPAY,"PMT TO FC03-0937-0146746-00","BILL PAYMENT TO TradeMe MildRedcardi P238440997",-42.50,Helen
Streamline,2024/11/24,2024112401,EFTPOS,"Composting Waikanae Paraparaumu","EFTPOS",-27.00,House Maintenance
Streamline,2024/11/25,2024112501,D/D,"MERCURY NZ LTD","D/D MERCURY LIMI 00023999891 110038746",-212.73,Power
Streamline,2024/11/27,2024112701,D/C,"D/C FROM I.R.D. 018-975-203","D488379728# REB 31/03/2024",140.00,Transfer
Streamline,2024/11/29,2024112901,A/P,"Our savings","A/P savings",-500.00,Transfer
Streamline,2024/11/29,2024112902,D/D,"KCDC RATES","D/D KAPITI RATES 21 GAVIN RD 1528235800",-187.84,House and Garden
Streamline,2024/12/03,2024120301,EFTPOS,"GOOD AS GOLDPARAPARAUMU","EFTPOS",-42.50,Gifts
Streamline,2024/12/03,2024120302,EFTPOS,"GOOD AS GOLDPARAPARAUMU","EFTPOS",-2.50,Gifts
Streamline,2024/12/04,2024120401,TFR OUT,"MB TRANSFER","TO 12-3157- 0148824-00 repayhaircut",-100.00,Transfer
Streamline,2024/12/04,2024120402,EFTPOS,"Salvation Army Paraparaumu","EFTPOS",-31.00,House and Garden
Streamline,2024/12/04,2024120403,EFTPOS,"Salvation Army Paraparaumu","EFTPOS",-16.00,House and Garden
Streamline,2024/12/05,2024120501,D/D,"Southern Cross Healt","D/D 000036338485 2040493",-109.21,Insurance
Streamline,2024/12/06,2024120601,A/P,"Our savings","A/P savings",-500.00,Transfer
Streamline,2024/12/06,2024120602,D/D,"ENVIRO NZ","D/D ENVIRO NZ SE  EC0000118469",-53.46,House and Garden
Streamline,2024/12/08,2024120801,A/P,"ASB KiwiSaver","A/P 018-975-203 Ryan kiwisaver",-100.00,Transfer
Streamline,2024/12/09,2024120901,BILLPAY,"PMT TO FC03-1521-0041136-25","BILL PAYMENT TO airpods neighbourly",-30.00,Helen
Streamline,2024/12/10,2024121001,D/D,"Royal New Zealand Fo","D/D ",-35.00,Gifts
Streamline,2024/12/10,2024121002,EFTPOS,"Gordon Motors Paraparaumu","EFTPOS",-380.00,Car
Streamline,2024/12/10,2024121003,BILLPAY,"PMT TO FC12-3409-0040466-00","BILL PAYMENT TO Cat bowl P238821609 P238821609",-23.55,no category
Streamline,2024/12/11,2024121101,EFTPOS,"EDSERS SHOEREPAIRS KAPITI LIGHT","EFTPOS",-30.00,Helen
Streamline,2024/12/11,2024121102,BILLPAY,"PMT TO FC03-0732-0012250-00","BILL PAYMENT TO EricPlumber 10Dec inv2617",-132.25,House Maintenance
Streamline,2024/12/13,2024121301,A/P,"Our savings","A/P savings",-500.00,Transfer
Streamline,2024/12/13,2024121302,D/D,"KCDC RATES","D/D KAPITI RATES 21 GAVIN RD 1528235800",-187.84,House and Garden
Streamline,2024/12/14,2024121401,TFR IN,"FN TRANSFER","EX 12-3157- 0148824-01 drawings",2000.00,Transfer
Streamline,2024/12/19,2024121901,D/D,"Southern Cross Healt","D/D 000036467939 2040493",-109.21,Insurance
Streamline,2024/12/20,2024122001,A/P,"Our savings","A/P savings",-500.00,Transfer
Streamline,2024/12/24,2024122401,BILLPAY,"PMT TO FC03-0732-0443448-00","BILL PAYMENT TO script RYAN CHART3168",-30.00,health
Streamline,2024/12/24,2024122402,EFTPOS,"Sue's FreshParaparaumu","EFTPOS",-11.97,Food
Streamline,2024/12/24,2024122403,D/D,"MERCURY NZ LTD","D/D MERCURY LIMI 00024343838 110038746",-183.37,Power
Streamline,2024/12/24,2024122404,EFTPOS,"RAUMATI ROADPHARMACY PARAPARAUMU","EFTPOS",-5.00,health
Visa,2024/06/10,2024061001,DEBIT,8128,"MITRE 10 MEGA KAPITI PARAPARAUMU",-23.98,House and Garden
Visa,2024/06/10,2024061002,DEBIT,8128,"aliexpress London",-55.11,online shopping
Visa,2024/06/10,2024061003,DEBIT,8920,"IAG NZ - ASB INSURANCE AUCKLAND",-366.05,Insurance
Visa,2024/06/10,2024061004,DEBIT,8920,"IAG NZ - ASB INSURANCE AUCKLAND",-74.85,Insurance
Visa,2024/06/10,2024061005,DEBIT,8920,"IAG NZ - ASB INSURANCE AUCKLAND",-47.41,Insurance
Visa,2024/06/11,2024061101,DEBIT,8128,"PAYPAL  MICROSOFTNE 4029357733",-12.0,Phones Internet TV
Visa,2024/06/11,2024061102,DEBIT,8920,"TRADEME GTJ7 PING Wellington",-134.5,online shopping
Visa,2024/06/11,2024061103,DEBIT,8920,"MY FOOD BAG Auckland",-124.59,Food
Visa,2024/06/12,2024061201,DEBIT,8920,"TRADEME KU5Q PING Wellington",-100.0,online shopping
Visa,2024/06/12,2024061202,DEBIT,8920,"WWNZ Online/80 Favona Rd Favona",-163.1,Food
Visa,2024/06/13,2024061301,DEBIT,8128,"AMAZON PRIME 8L7L82EP3 888-802-3080 WA 26.12 US DOLLAR at a Conversion Rate  of 0.6099 (NZ$42.83)",-42.83,Phones Internet TV
Visa,2024/06/13,2024061302,DEBIT,8128,"OFFSHORE SERVICE MARGINS",-0.9,Interest and Bank Charges
Visa,2024/06/13,2024061303,DEBIT,8128,"PAYPAL  GOOGLE GOOGLE 4029357733",-3.49,Phones Internet TV
Visa,2024/06/14,2024061401,DEBIT,8920,"PURE NATURE AUCKLAND",-81.0,Transfer
Visa,2024/06/14,2024061402,DEBIT,8920,"Dominos Estore PARAPARAUM dominos.co.nz",-29.2,Food
Visa,2024/06/16,2024061601,DEBIT,8920,"WWNZ Online/80 Favona Rd Favona",-137.19,Food
Visa,2024/06/16,2024061602,DEBIT,8920,"Midwest Disposals Otaihanga",-42.5,House and Garden
Visa,2024/06/17,2024061701,DEBIT,8920,"Neon Auckland",-12.99,Phones Internet TV
Visa,2024/06/17,2024061702,DEBIT,8128,"aliexpress London",-27.69,online shopping
Visa,2024/06/18,2024061801,DEBIT,8128,"Banana Leaf 2019 Raumati Beach",-7.0,Food
Visa,2024/06/18,2024061802,DEBIT,8920,"LIQUOR LORDS KAPITI PARAPARAUMU",-75.44,Holidays and Entertainment
Visa,2024/06/18,2024061803,DEBIT,8920,"MY FOOD BAG Auckland",-124.59,Food
Visa,2024/06/19,2024061901,DEBIT,8920,"Finesse Beauty Therapy Paraparaumu",-102.0,Helen
Visa,2024/06/19,2024061902,DEBIT,8920,"DARK HORSE COFFEE KAPITI",-46.8,Food
Visa,2024/06/19,2024061903,DEBIT,8920,"ORDER MEAL LTD AUCKLAND",-55.59,Food
Visa,2024/06/20,2024062001,DEBIT,8920,"BEEHYVE WHANGAREI",-154.05,health
Visa,2024/06/20,2024062002,DEBIT,8920,"MITRE 10 MEGA KAPITI PARAPARAUMU",-34.96,House and Garden
Visa,2024/06/20,2024062003,DEBIT,8920,"SOUTH PACIFIC ROSE N CHRISTCHURCH",-154.97,House and Garden
Visa,2024/06/20,2024062004,DEBIT,8920,"BP CONNECT PARAPARAUMU PARAPARAUMU",-108.93,Car
Visa,2024/06/20,2024062005,DEBIT,8920,"aliexpress London",-38.74,online shopping
Visa,2024/06/20,2024062006,DEBIT,8920,"Farmlands Co-operati Otaki",-184.99,Helen
Visa,2024/06/21,2024062101,DEBIT,8920,"WWNZ Online/80 Favona Rd Favona",-154.41,Food
Visa,2024/06/21,2024062102,DEBIT,8920,"Dominos Estore PARAPARAUM dominos.co.nz",-26.5,Food
Visa,2024/06/22,2024062201,DEBIT,8128,"WOOLWORTHS NZ/COASTLANDS PARAPARAUMU",-18.4,Food
Visa,2024/06/22,2024062202,DEBIT,8128,"WOOLWORTHS NZ/COASTLANDS PARAPARAUMU",-15.3,Food
Visa,2024/06/22,2024062203,DEBIT,8128,"RAUMATI ROAD PHARMAC WELLINGTON",-25.99,health
Visa,2024/06/22,2024062204,DEBIT,8128,"aliexpress London",-26.75,online shopping
Visa,2024/06/23,2024062301,DEBIT,8920,"NZH PREMIUM CONTENT 0800100888",-24.0,Phones Internet TV
Visa,2024/06/23,2024062302,CREDIT,8128,"PAYMENT RECEIVED THANK YOU",2880.0,Transfer
Visa,2024/06/24,2024062401,DEBIT,8128,"SP GS LTD UC 016970 AUCKLAND",-32.99,Pat
Visa,2024/06/24,2024062402,DEBIT,8128,"WWW.STARDELTA.CO.NZ PARAPARAUMU",-12076.09,House and Garden
Visa,2024/06/24,2024062403,DEBIT,8920,"LIGHTING DIRECT LTD AUCKLAND",-51.88,House Maintenance
Visa,2024/06/24,2024062404,DEBIT,8920,"Amazon Prime 5M8CU4093 Amzn.com/bill WA 14.99 US DOLLAR at a Conversion Rate  of 0.6106 (NZ$24.55)",-24.55,Phones Internet TV
Visa,2024/06/24,2024062405,DEBIT,8920,"OFFSHORE SERVICE MARGINS",-0.52,Interest and Bank Charges
Visa,2024/06/25,2024062501,DEBIT,8128,"SMITH   CAUGHEYS AUCKLAND",-134.0,Pat
Visa,2024/06/25,2024062502,DEBIT,8920,"MY FOOD BAG Auckland",-124.59,Food
Visa,2024/06/26,2024062601,DEBIT,8920,"Mana Unlimited Porirua",-420.0,health
Visa,2024/06/26,2024062602,DEBIT,8920,"BEEHYVE WHANGAREI",-154.05,health
Visa,2024/06/26,2024062603,DEBIT,8920,"DARK HORSE COFFEE KAPITI",-46.8,Food
Visa,2024/06/26,2024062604,DEBIT,8920,"APPLE.COM/BILL SYDNEY",-4.99,Phones Internet TV
Visa,2024/06/26,2024062605,DEBIT,8920,"TRADEME YB1F PING Wellington",-5.28,online shopping
Visa,2024/06/27,2024062701,DEBIT,8920,"MITRE 10 MEGA KAPITI PARAPARAUMU",-65.93,House and Garden
Visa,2024/06/27,2024062702,DEBIT,8920,"SPARK PAY MONTHLY (3) AUCKLAND",-181.16,Phones Internet TV
Visa,2024/06/27,2024062703,DEBIT,8920,"Spotify P2D3FC275A Stockholm",-16.99,Phones Internet TV
Visa,2024/06/27,2024062704,DEBIT,8920,"MOBILIC LIMITED PARAPARAUMU",-25.0,Helen
Visa,2024/06/28,2024062801,DEBIT,8128,"Warehouse Stationery Paraparaumu",-39.0,House and Garden
Visa,2024/06/28,2024062802,DEBIT,8128,"Paperplus Coastlands Paraparaumu",-12.0,House and Garden
Visa,2024/06/29,2024062901,DEBIT,8920,"WWNZ Online/80 Favona Rd Favona",-238.37,Food
Visa,2024/06/29,2024062902,DEBIT,8920,"aliexpress London",-14.7,online shopping
Visa,2024/06/30,2024063001,DEBIT,8920,"Dominos Estore PARAPARAUM dominos.co.nz",-26.5,Food
Visa,2024/06/30,2024063002,DEBIT,8128,"aliexpress London",-21.26,online shopping
Visa,2024/06/30,2024063003,DEBIT,8920,"aliexpress London",-77.82,online shopping
Visa,2024/07/01,2024070101,DEBIT,8920,"Life Pharmacy Coastland Paraparaumu",-3.59,health
Visa,2024/07/01,2024070102,DEBIT,8920,"Warehouse Stationery Paraparaumu",-29.48,House and Garden
Visa,2024/07/02,2024070201,DEBIT,8128,"NEW WORLD METRO WILLIS WELLINGTON",-10.28,Food
Visa,2024/07/02,2024070202,DEBIT,8920,"BEEHYVE WHANGAREI",-154.05,health
Visa,2024/07/02,2024070203,DEBIT,8920,"RAUMATI ROAD SURGERY PARAPARAUMU",-30.0,health
Visa,2024/07/02,2024070204,DEBIT,8128,"aliexpress London",-34.04,online shopping
Visa,2024/07/02,2024070205,DEBIT,8920,"MY FOOD BAG Auckland",-136.51,Food
Visa,2024/07/03,2024070301,DEBIT,8920,"DARK HORSE COFFEE KAPITI",-46.8,Food
Visa,2024/07/03,2024070302,DEBIT,8128,"AMAZON WEB SERVICES AUCKLAND",-9.08,Pat
Visa,2024/07/03,2024070303,DEBIT,8128,"Google GSUITE_helenryan.c Auckland 16.56 US DOLLAR at a Conversion Rate  of 0.6057 (NZ$27.34)",-27.34,Phones Internet TV
Visa,2024/07/03,2024070304,DEBIT,8128,"OFFSHORE SERVICE MARGINS",-0.57,Interest and Bank Charges
Visa,2024/07/03,2024070305,DEBIT,8128,"PAYPAL  STOCK ROVER 4029357733",-13.74,Pat
Visa,2024/07/03,2024070306,DEBIT,8128,"aliexpress London",-21.92,online shopping
Visa,2024/07/03,2024070307,DEBIT,8920,"TRADEME VI8U PING Wellington",-315.88,online shopping
Visa,2024/07/04,2024070401,DEBIT,8128,"HARTLEYS HAIR PARAPARAUMU",-48.0,Pat
Visa,2024/07/04,2024070402,DEBIT,8128,"PAYPAL  GLITTERQUEE 4029357733",-9.0,Pat
Visa,2024/07/04,2024070403,DEBIT,8920,"Alibaba.com Luxembourg",-31.68,online shopping
Visa,2024/07/04,2024070404,CREDIT,8920,"LIGHTING DIRECT LTD AUCKLAND",35.88,House Maintenance
Visa,2024/07/05,2024070501,DEBIT,8920,"MITRE 10 MEGA KAPITI PARAPARAUMU",-83.92,House and Garden
Visa,2024/07/05,2024070502,DEBIT,8920,"aliexpress London",-19.83,online shopping
Visa,2024/07/05,2024070503,DEBIT,8920,"AMAZON MARKETPLACE AU SYDNEY SOUTH 18.06 AUSTRALIAN DOLLAR at a Conversion Rate  of 0.9098 (NZ$19.85)",-19.85,online shopping
Visa,2024/07/05,2024070504,DEBIT,8920,"OFFSHORE SERVICE MARGINS",-0.42,Interest and Bank Charges
Visa,2024/07/05,2024070505,CREDIT,8920,"PAYMENT RECEIVED visa",15000.0,Transfer
Visa,2024/07/06,2024070601,DEBIT,8920,"WWNZ Online/80 Favona Rd Favona",-200.42,Food
Visa,2024/07/06,2024070602,DEBIT,8128,"aliexpress London",-30.14,online shopping
Visa,2024/07/06,2024070603,CREDIT,8920,"Alibaba.com Luxembourg",31.66,online shopping
Visa,2024/07/07,2024070701,DEBIT,8920,"The Warehouse 135 Paraparaumu",-76.0,House and Garden
Visa,2024/07/07,2024070702,DEBIT,8920,"WOOLWORTHS NZ/COASTLANDS PARAPARAUMU",-20.17,Food
Visa,2024/07/07,2024070703,DEBIT,8128,"Animates Coastlands Ellerslie",-158.94,Rosie
Visa,2024/07/07,2024070704,DEBIT,8128,"MITRE 10 MEGA KAPITI PARAPARAUMU",-21.46,House and Garden
Visa,2024/07/07,2024070705,DEBIT,8920,"AMAZON MARKETPLACE AU SYDNEY SOUTH 31.75 AUSTRALIAN DOLLAR at a Conversion Rate  of 0.9092 (NZ$34.92)",-34.92,online shopping
Visa,2024/07/07,2024070706,DEBIT,8920,"OFFSHORE SERVICE MARGINS",-0.73,Interest and Bank Charges
Visa,2024/07/08,2024070801,DEBIT,8920,"BEEHYVE WHANGAREI",-154.05,health
Visa,2024/07/08,2024070802,DEBIT,8128,"MITRE 10 MEGA KAPITI PARAPARAUMU",-7.88,House and Garden
Visa,2024/07/08,2024070803,DEBIT,8128,"PAYPAL  SKYSPORT 4029357733 NY",-49.99,Phones Internet TV
Visa,2024/07/08,2024070804,DEBIT,8128,"aliexpress London",-84.32,online shopping
Visa,2024/07/09,2024070901,DEBIT,8128,"PAYPAL  DICK SMITH 4029357733",-37.98,House Maintenance
Visa,2024/07/09,2024070902,DEBIT,8920,"MY FOOD BAG Auckland",-124.59,Food
Visa,2024/07/10,2024071001,DEBIT,8920,"Paperplus Coastlands Paraparaumu",-9.98,House and Garden
Visa,2024/07/10,2024071002,DEBIT,8920,"Paperplus Coastlands Paraparaumu",-50.79,House and Garden
Visa,2024/07/10,2024071003,DEBIT,8920,"IAG NZ - ASB INSURANCE AUCKLAND",-47.41,Insurance
Visa,2024/07/10,2024071004,DEBIT,8920,"IAG NZ - ASB INSURANCE AUCKLAND",-366.05,Insurance
Visa,2024/07/10,2024071005,DEBIT,8920,"IAG NZ - ASB INSURANCE AUCKLAND",-74.85,Insurance
Visa,2024/07/11,2024071101,DEBIT,8920,"Dominos Estore PARAPARAUM dominos.co.nz",-26.5,Food
Visa,2024/07/11,2024071102,DEBIT,8128,"PAYPAL  MICROSOFTNE 4029357733",-12.0,Phones Internet TV
Visa,2024/07/12,2024071201,DEBIT,8920,"WWNZ Online/80 Favona Rd Favona",-233.2,Food
Visa,2024/07/13,2024071301,DEBIT,8920,"Microsoft Microsoft 365 P msbill.info",-129.0,Phones Internet TV
Visa,2024/07/13,2024071302,DEBIT,8128,"PAYPAL  GOOGLE GOOGLE 4029357733",-3.49,Phones Internet TV
Visa,2024/07/13,2024071303,DEBIT,8920,"TRADEME 88P0 PING Wellington",-16.5,online shopping
Visa,2024/07/14,2024071401,DEBIT,8920,"AS Colour Limited 6498352710",-131.84,Helen
Visa,2024/07/14,2024071402,DEBIT,8128,"MITRE 10 MEGA KAPITI PARAPARAUMU",-13.92,House and Garden
Visa,2024/07/14,2024071403,DEBIT,8128,"aliexpress London",-2.83,online shopping
Visa,2024/07/14,2024071404,DEBIT,8128,"aliexpress London",-40.44,online shopping
Visa,2024/07/14,2024071405,DEBIT,8128,"aliexpress London",-14.83,online shopping
Visa,2024/07/14,2024071406,DEBIT,8128,"aliexpress London",-63.55,online shopping
Visa,2024/07/15,2024071501,DEBIT,8920,"THE SCULLERY KERIKERI KERIKERI",-26.0,House and Garden
Visa,2024/07/15,2024071502,DEBIT,8920,"THE WATERFRONT BAR   KITC PARAPARAUMU",-17.0,Holidays and Entertainment
Visa,2024/07/16,2024071601,DEBIT,8920,"LIFE PHARMACY KAPITI PARAPARAUMU",-47.94,health
Visa,2024/07/16,2024071602,DEBIT,8920,"RAUMATI ROAD SURGERY PARAPARAUMU",-82.0,health
Visa,2024/07/16,2024071603,DEBIT,8920,"NPD KAPITI PARAPARAUMU",-138.02,Car
Visa,2024/07/16,2024071604,DEBIT,8920,"MY FOOD BAG Auckland",-124.59,Food
Visa,2024/07/16,2024071605,DEBIT,8920,"Warehouse Stationery Paraparaumu",-88.97,House and Garden
Visa,2024/07/16,2024071606,DEBIT,8920,"Resene - Kapiti 026 Paraparaumu",-28.17,House and Garden
Visa,2024/07/16,2024071607,DEBIT,8920,"BEEHYVE WHANGAREI",-154.05,health
Visa,2024/07/16,2024071608,DEBIT,8920,"LIFE PHARMACY KAPITI PARAPARAUMU",-10.0,health
Visa,2024/07/17,2024071701,DEBIT,8920,"Neon Auckland",-12.99,Phones Internet TV
Visa,2024/07/17,2024071702,DEBIT,8920,"Resene - Kapiti 026 Paraparaumu",-474.75,House and Garden
Visa,2024/07/17,2024071703,DEBIT,8920,"DARK HORSE COFFEE KAPITI",-46.8,Food
Visa,2024/07/17,2024071704,DEBIT,8128,"aliexpress London",-29.74,online shopping
Visa,2024/07/18,2024071801,DEBIT,8128,"aliexpress London",-6.98,online shopping
Visa,2024/07/19,2024071901,DEBIT,8920,"WWNZ Online/80 Favona Rd Favona",-301.41,Food
Visa,2024/07/19,2024071902,DEBIT,8920,"PAYPAL  SEACLIFFORG 4029357733",-34.9,House and Garden
Visa,2024/07/20,2024072001,DEBIT,8128,"Spotlight Stores NZ Ltd Porirua",-25.0,House and Garden
Visa,2024/07/20,2024072002,DEBIT,8128,"KELBURN VILLAGE PUB KELBURN",-20.4,Holidays and Entertainment
Visa,2024/07/21,2024072101,DEBIT,8920,"AS Colour Limited 6498352710",-82.06,Helen
Visa,2024/07/21,2024072102,DEBIT,8920,"Dominos Estore PARAPARAUM dominos.co.nz",-26.5,Food
Visa,2024/07/21,2024072103,DEBIT,8128,"FARMERS PARAPARAUMU",-230.0,House and Garden
Visa,2024/07/21,2024072104,DEBIT,8128,"MITRE 10 MEGA KAPITI PARAPARAUMU",-20.87,House and Garden
Visa,2024/07/21,2024072105,DEBIT,8920,"NZH PREMIUM CONTENT 0800100888",-24.0,Phones Internet TV
Visa,2024/07/22,2024072201,DEBIT,8920,"Spotify AB STOCKHOLM",-19.99,Phones Internet TV
Visa,2024/07/23,2024072301,DEBIT,8128,"Kindle Svcs RJ4QL23Y2 888-802-3080 WA 3.47 US DOLLAR at a Conversion Rate  of 0.6003 (NZ$5.78)",-5.78,Pat
Visa,2024/07/23,2024072302,DEBIT,8128,"OFFSHORE SERVICE MARGINS",-0.12,Interest and Bank Charges
Visa,2024/07/23,2024072303,DEBIT,8920,"ZAZZLE IRELAND CORK",-58.44,Helen
Visa,2024/07/23,2024072304,DEBIT,8920,"MY FOOD BAG Auckland",-124.59,Food
Visa,2024/07/24,2024072401,DEBIT,8920,"Amazon Prime RJ22D21F2 Amzn.com/bill WA 14.99 US DOLLAR at a Conversion Rate  of 0.6003 (NZ$24.97)",-24.97,Phones Internet TV
Visa,2024/07/24,2024072402,DEBIT,8920,"OFFSHORE SERVICE MARGINS",-0.52,Interest and Bank Charges
Visa,2024/07/24,2024072403,DEBIT,8920,"aliexpress London",-70.54,online shopping
Visa,2024/07/24,2024072404,DEBIT,8128,"AMAZON MARKETPLACE AU SYDNEY SOUTH 8.95 AUSTRALIAN DOLLAR at a Conversion Rate  of 0.8986 (NZ$9.96)",-9.96,online shopping
Visa,2024/07/24,2024072405,DEBIT,8128,"OFFSHORE SERVICE MARGINS",-0.21,Interest and Bank Charges
Visa,2024/07/24,2024072406,DEBIT,8920,"Dominos Estore PARAPARAUM dominos.co.nz",-26.5,Food
Visa,2024/07/25,2024072501,DEBIT,8920,"Warehouse Stationery Paraparaumu",-68.95,House and Garden
Visa,2024/07/25,2024072502,DEBIT,8920,"THE RIBBON ROSE AUCKLAND",-57.08,Transfer
Visa,2024/07/25,2024072503,DEBIT,8128,"aliexpress London",-29.0,online shopping
Visa,2024/07/25,2024072504,DEBIT,8128,"aliexpress London",-31.77,online shopping
Visa,2024/07/26,2024072601,DEBIT,8920,"WWNZ Online/80 Favona Rd Favona",-293.75,Food
Visa,2024/07/26,2024072602,DEBIT,8920,"LIFE PHARMACY KAPITI PARAPARAUMU",-8.99,health
Visa,2024/07/26,2024072603,DEBIT,8920,"J A RUSSELL LTD PARAPARAUMU",-33.47,House Maintenance
Visa,2024/07/26,2024072604,DEBIT,8920,"VAPE VEND PARAPARAUMU",-100.0,Helen
Visa,2024/07/26,2024072605,DEBIT,8920,"APPLE.COM/BILL SYDNEY",-4.99,Phones Internet TV
Visa,2024/07/27,2024072701,DEBIT,8128,"THE BLUE LADY WELLINGTON WELLINGTON",-11.62,Pat
Visa,2024/07/27,2024072702,DEBIT,8920,"Spotify P2E0389FF4 Stockholm",-16.99,Phones Internet TV
Visa,2024/07/28,2024072801,DEBIT,8128,"ASCOT PARK HOTEL/MOTEL INVERCARGILL",-7.5,Pat
Visa,2024/07/28,2024072802,DEBIT,8128,"ASCOT PARK HOTEL/MOTEL INVERCARGILL",-7.5,Pat
Visa,2024/07/29,2024072901,DEBIT,8920,"Dominos Estore PARAPARAUM dominos.co.nz",-57.7,Food
Visa,2024/07/29,2024072902,DEBIT,8128,"INVERCARGILL AIRPORT C INVERCARGILL",-10.5,Pat
Visa,2024/07/29,2024072903,DEBIT,8128,"THE LANGLANDS HOTEL INVERCARGILL",-12.7,Pat
Visa,2024/07/29,2024072904,DEBIT,8920,"WELLINGTON INTL AIRP WELLINGTON",-20.0,Helen
Visa,2024/07/29,2024072905,DEBIT,8128,"BUSTER CRABB INVERCARGILL",-10.0,Pat
Visa,2024/07/29,2024072906,DEBIT,8128,"BUSTER CRABB INVERCARGILL",-52.0,Pat
Visa,2024/07/30,2024073001,DEBIT,8920,"Spotlight Stores NZ Ltd Porirua",-120.0,House and Garden
Visa,2024/07/30,2024073002,DEBIT,8920,"Spotlight Stores NZ Ltd Porirua",-12.0,House and Garden
Visa,2024/07/30,2024073003,DEBIT,8128,"Kindle Svcs RV38W1PM0 888-802-3080 WA 11.99 US DOLLAR at a Conversion Rate  of 0.5877 (NZ$20.40)",-20.4,Pat
Visa,2024/07/30,2024073004,DEBIT,8128,"OFFSHORE SERVICE MARGINS",-0.43,Interest and Bank Charges
Visa,2024/07/30,2024073005,DEBIT,8920,"MY FOOD BAG Auckland",-124.59,Food
Visa,2024/07/31,2024073101,DEBIT,8920,"DARK HORSE COFFEE KAPITI",-46.8,Food
Visa,2024/07/31,2024073102,DEBIT,8920,"RIMU ROAD DENTAL PARAPARAUMU",-450.0,health
Visa,2024/07/31,2024073103,DEBIT,8920,"aliexpress London",-23.59,online shopping
Visa,2024/08/01,2024080101,DEBIT,8920,"WWNZ Online/80 Favona Rd Favona",-162.38,Food
Visa,2024/08/02,2024080201,DEBIT,8920,"WOOLWORTHS NZ/COASTLANDS PARAPARAUMU",-16.48,Food
Visa,2024/08/02,2024080202,DEBIT,8128,"NEW WORLD METRO WILLIS WELLINGTON",-11.98,Food
Visa,2024/08/03,2024080301,DEBIT,8128,"MOJO CENTRAL WELLINGTON",-10.56,Food
Visa,2024/08/03,2024080302,DEBIT,8128,"AMAZON WEB SERVICES AUCKLAND",-9.25,Pat
Visa,2024/08/03,2024080303,DEBIT,8920,"BP CONNECT PARAPARAUMU PARAPARAUMU",-122.65,Car
Visa,2024/08/03,2024080304,DEBIT,8128,"Google GSUITE_helenryan.c Auckland 16.56 US DOLLAR at a Conversion Rate  of 0.5887 (NZ$28.13)",-28.13,Phones Internet TV
Visa,2024/08/03,2024080305,DEBIT,8128,"OFFSHORE SERVICE MARGINS",-0.59,Interest and Bank Charges
Visa,2024/08/03,2024080306,DEBIT,8128,"PAYPAL  STOCK ROVER 4029357733",-14.14,Pat
Visa,2024/08/04,2024080401,DEBIT,8128,"SUPERCHEAP AUTO PARAPARAUMU",-389.0,Gifts
Visa,2024/08/05,2024080501,DEBIT,8920,"Dominos Estore PARAPARAUM dominos.co.nz",-29.2,Food
Visa,2024/08/05,2024080502,DEBIT,8128,"aliexpress London",-232.27,online shopping
Visa,2024/08/06,2024080601,DEBIT,8920,"MY FOOD BAG Auckland",-124.59,Food
Visa,2024/08/06,2024080602,DEBIT,8128,"INTEREST CHARGED",-66.96,Interest and Bank Charges
Visa,2024/08/07,2024080701,DEBIT,8920,"DARK HORSE COFFEE KAPITI",-46.8,Food
Visa,2024/08/07,2024080702,DEBIT,8920,"CAMBRIDGE BLINDS HAMILTON",-174.22,House and Garden
Visa,2024/08/07,2024080703,CREDIT,8920,"PAYMENT RECEIVED THANK YOU",7300.0,Transfer
Visa,2024/08/08,2024080801,DEBIT,8920,"WWNZ Online/80 Favona Rd Favona",-121.44,Food
Visa,2024/08/08,2024080802,DEBIT,8128,"PAYPAL  SKYSPORT 4029357733 NY",-49.99,Phones Internet TV
Visa,2024/08/10,2024081001,DEBIT,8128,"Midwest Disposals Otaihanga",-46.0,House and Garden
Visa,2024/08/11,2024081101,DEBIT,8920,"Dominos Estore PARAPARAUM dominos.co.nz",-26.5,Food
Visa,2024/08/11,2024081102,DEBIT,8128,"MITRE 10 MEGA KAPITI PARAPARAUMU",-23.11,House and Garden
Visa,2024/08/11,2024081103,DEBIT,8128,"PAYPAL  MICROSOFTNE 4029357733",-12.0,Phones Internet TV
Visa,2024/08/12,2024081201,DEBIT,8920,"IAG NZ - ASB INSURANCE AUCKLAND",-47.4,Insurance
Visa,2024/08/12,2024081202,DEBIT,8920,"IAG NZ - ASB INSURANCE AUCKLAND",-366.04,Insurance
Visa,2024/08/12,2024081203,DEBIT,8920,"IAG NZ - ASB INSURANCE AUCKLAND",-74.84,Insurance
Visa,2024/08/13,2024081301,DEBIT,8128,"NEW WORLD METRO WILLIS WELLINGTON",-11.98,Food
Visa,2024/08/13,2024081302,DEBIT,8128,"PAYPAL  GOOGLE GOOGLE 4029357733",-3.49,Phones Internet TV
Visa,2024/08/13,2024081303,DEBIT,8920,"MY FOOD BAG Auckland",-124.59,Food
Visa,2024/08/14,2024081401,DEBIT,8920,"Dominos Estore PARAPARAUM dominos.co.nz",-26.5,Food
Visa,2024/08/15,2024081501,DEBIT,8920,"WWNZ Online/80 Favona Rd Favona",-150.64,Food
Visa,2024/08/15,2024081502,DEBIT,8128,"LIFE PHARMACY KAPITI PARAPARAUMU",-10.0,health
Visa,2024/08/15,2024081503,DEBIT,8128,"MUFFIN BREAK COASTLANDS PARAPARAUMU",-9.7,Food
Visa,2024/08/15,2024081504,DEBIT,8920,"TRADEME CQ5M PING Wellington",-28.0,online shopping
Visa,2024/08/17,2024081701,DEBIT,8920,"Neon Auckland",-12.99,Phones Internet TV
Visa,2024/08/17,2024081702,DEBIT,8920,"LIFE PHARMACY KAPITI PARAPARAUMU",-118.99,health
Visa,2024/08/17,2024081703,DEBIT,8920,"THE PICTURE FRAMING KUMEU",-33.1,Helen
Visa,2024/08/18,2024081801,DEBIT,8128,"Animates Coastlands Ellerslie",-182.93,Rosie
Visa,2024/08/18,2024081802,DEBIT,8920,"NZH PREMIUM CONTENT 0800100888",-24.0,Phones Internet TV
Visa,2024/08/19,2024081901,DEBIT,8920,"Spotlight Stores NZ Ltd Porirua",-25.0,House and Garden
Visa,2024/08/19,2024081902,DEBIT,8128,"MITRE 10 MEGA KAPITI PARAPARAUMU",-9.78,House and Garden
Visa,2024/08/19,2024081903,DEBIT,8128,"aliexpress London",-555.41,online shopping
Visa,2024/08/20,2024082001,DEBIT,8920,"MITRE 10 MEGA KAPITI PARAPARAUMU",-89.22,House and Garden
Visa,2024/08/20,2024082002,DEBIT,8920,"Kapiti Oral Health C Paraparaumu",-175.0,health
Visa,2024/08/20,2024082003,DEBIT,8920,"MY FOOD BAG Auckland",-124.59,Food
Visa,2024/08/21,2024082101,DEBIT,8920,"WWNZ Online/80 Favona Rd Favona",-179.7,Food
Visa,2024/08/21,2024082102,DEBIT,8920,"DARK HORSE COFFEE KAPITI",-49.8,Food
Visa,2024/08/21,2024082103,DEBIT,8920,"Dominos Estore PARAPARAUM dominos.co.nz",-26.5,Food
Visa,2024/08/23,2024082301,DEBIT,8920,"BRISCOES HOMEWARE AUCKLAND",-58.96,House Maintenance
Visa,2024/08/23,2024082302,DEBIT,8920,"Amazon Prime R45T57H22 Amzn.com/bill WA 14.99 US DOLLAR at a Conversion Rate  of 0.6131 (NZ$24.45)",-24.45,Phones Internet TV
Visa,2024/08/23,2024082303,DEBIT,8920,"OFFSHORE SERVICE MARGINS",-0.51,Interest and Bank Charges
Visa,2024/08/24,2024082401,DEBIT,8128,"HARTLEYS HAIR PARAPARAUMU",-48.0,Pat
Visa,2024/08/24,2024082402,DEBIT,8128,"TRADEME JTE1 PING Wellington",-19.48,online shopping
Visa,2024/08/25,2024082501,DEBIT,8128,"J A RUSSELL LTD PARAPARAUMU",-14.88,House Maintenance
Visa,2024/08/25,2024082502,DEBIT,8128,"MITRE 10 MEGA KAPITI PARAPARAUMU",-14.98,House and Garden
Visa,2024/08/26,2024082601,DEBIT,8128,"PAYPAL  JLTEEL 4029357733",-6.59,Pat
Visa,2024/08/26,2024082602,DEBIT,8920,"APPLE.COM/BILL SYDNEY",-4.99,Phones Internet TV
Visa,2024/08/26,2024082603,DEBIT,8128,"aliexpress London",-21.37,online shopping
Visa,2024/08/27,2024082701,DEBIT,8920,"BRISCOES HOMEWARE AUCKLAND",-58.96,House and Garden
Visa,2024/08/27,2024082702,DEBIT,8920,"RAUMATI ROAD SURGERY PARAPARAUMU",-82.0,health
Visa,2024/08/27,2024082703,DEBIT,8920,"Spotify P2EE3C392A Stockholm",-16.99,Phones Internet TV
Visa,2024/08/27,2024082704,DEBIT,8920,"MY FOOD BAG Auckland",-124.59,Food
Visa,2024/08/28,2024082801,DEBIT,8920,"DARK HORSE COFFEE KAPITI",-49.8,Food
Visa,2024/08/28,2024082802,DEBIT,8920,"Dominos Estore PARAPARAUM dominos.co.nz",-26.5,Food
Visa,2024/08/28,2024082803,DEBIT,8920,"SPARK PAY MONTHLY (3) AUCKLAND",-179.6,Phones Internet TV
Visa,2024/08/29,2024082901,DEBIT,8920,"WWNZ Online/80 Favona Rd Favona",-216.4,Food
Visa,2024/08/29,2024082902,DEBIT,8920,"The Warehouse 135 Paraparaumu",-143.46,House and Garden
Visa,2024/08/30,2024083001,DEBIT,8920,"RAUMATI VETERINARY CENTRE PARAPARAUMU",-585.05,Rosie
Visa,2024/08/30,2024083002,DEBIT,8128,"aliexpress London",-36.36,online shopping
Visa,2024/08/31,2024083101,DEBIT,8920,"PACIFIC RADIOLOGY PARAPARAUMU",-350.0,health
Visa,2024/08/31,2024083102,DEBIT,8920,"NEW WORLD KAPITI PARAPARAUMU",-29.47,Food
Visa,2024/09/01,2024090101,DEBIT,8128,"AA HEAD OFFICE AUCKLAND",-59.6,Car
Visa,2024/09/01,2024090102,DEBIT,8920,"AA HEAD OFFICE AUCKLAND",-33.35,Car
Visa,2024/09/01,2024090103,DEBIT,8128,"COMPOSTING HUTT VALLEY UPPER HUTT",-58.59,House and Garden
Visa,2024/09/02,2024090201,DEBIT,8128,"WSL 331 COASTLANDS PARAPARAUMU",-39.0,House and Garden
Visa,2024/09/02,2024090202,DEBIT,8128,"MITRE 10 MEGA KAPITI PARAPARAUMU",-46.86,House and Garden
Visa,2024/09/02,2024090203,DEBIT,8128,"LIGHTING PLUS KAPITI KAPITI",-37.34,House Maintenance
Visa,2024/09/02,2024090204,DEBIT,8128,"LIGHTING PLUS KAPITI KAPITI",-10.66,House Maintenance
Visa,2024/09/03,2024090301,DEBIT,8128,"WOOLWORTHS NZ/COASTLANDS PARAPARAUMU",-10.0,Food
Visa,2024/09/03,2024090302,DEBIT,8920,"LIFE PHARMACY KAPITI PARAPARAUMU",-119.99,health
Visa,2024/09/03,2024090303,DEBIT,8128,"Google GSUITE_helenryan.c Auckland 16.56 US DOLLAR at a Conversion Rate  of 0.6228 (NZ$26.59)",-26.59,Phones Internet TV
Visa,2024/09/03,2024090304,DEBIT,8128,"OFFSHORE SERVICE MARGINS",-0.56,Interest and Bank Charges
Visa,2024/09/03,2024090305,DEBIT,8128,"PAYPAL  STOCK ROVER 4029357733",-13.36,Pat
Visa,2024/09/03,2024090306,DEBIT,8920,"MY FOOD BAG Auckland",-124.59,Food
Visa,2024/09/04,2024090401,DEBIT,8920,"WWNZ Online/80 Favona Rd Favona",-136.0,Food
Visa,2024/09/04,2024090402,DEBIT,8128,"AMAZON WEB SERVICES AUCKLAND",-9.15,Pat
Visa,2024/09/04,2024090403,DEBIT,8920,"DARK HORSE COFFEE KAPITI",-49.8,Food
Visa,2024/09/05,2024090501,DEBIT,8920,"Dominos Estore PARAPARAUM dominos.co.nz",-26.5,Food
Visa,2024/09/06,2024090601,DEBIT,8920,"Citta Auckland",-39.95,House and Garden
Visa,2024/09/06,2024090602,DEBIT,8128,"RAUMATI ROAD PHARMAC WELLINGTON",-10.0,health
Visa,2024/09/08,2024090801,DEBIT,8128,"PAYPAL  SKYSPORT 4029357733 NY",-49.99,Phones Internet TV
Visa,2024/09/09,2024090901,DEBIT,8128,"PAYPAL  KIWI3D 4029357733",-42.08,Pat
Visa,2024/09/09,2024090902,CREDIT,8920,"PAYMENT RECEIVED drawings",6000.0,Transfer
Visa,2024/09/10,2024091001,DEBIT,8920,"MY FOOD BAG Auckland",-124.59,Food
Visa,2024/09/10,2024091002,DEBIT,8920,"IAG NZ - ASB INSURANCE AUCKLAND",-47.4,Insurance
Visa,2024/09/10,2024091003,DEBIT,8920,"IAG NZ - ASB INSURANCE AUCKLAND",-366.04,Insurance
Visa,2024/09/10,2024091004,DEBIT,8920,"IAG NZ - ASB INSURANCE AUCKLAND",-74.84,Insurance
Visa,2024/09/11,2024091101,DEBIT,8920,"WWNZ Online/80 Favona Rd Favona",-160.37,Food
Visa,2024/09/11,2024091102,DEBIT,8128,"PAYPAL  MICROSOFTNE 4029357733",-12.0,Phones Internet TV
Visa,2024/09/12,2024091201,DEBIT,8920,"Mana Unlimited Porirua",-420.0,health
Visa,2024/09/12,2024091202,DEBIT,8128,"Railhouse Coffee Paraparaumu",-5.5,Food
Visa,2024/09/13,2024091301,DEBIT,8920,"Dominos Estore PARAPARAUM dominos.co.nz",-26.5,Food
Visa,2024/09/13,2024091302,DEBIT,8920,"MCDONALD'S PARAPARAUMU PARAPARAUMU",-28.8,Food
Visa,2024/09/13,2024091303,DEBIT,8128,"PAYPAL  GOOGLE GOOGLE 4029357733",-3.49,Phones Internet TV
Visa,2024/09/13,2024091304,DEBIT,8920,"Spotify AB STOCKHOLM",-19.99,Phones Internet TV
Visa,2024/09/13,2024091305,DEBIT,8128,"LITTLE MANILA WELLINGTON",-17.41,Holidays and Entertainment
Visa,2024/09/14,2024091401,DEBIT,8128,"LIFE PHARMACY KAPITI PARAPARAUMU",-5.0,health
Visa,2024/09/15,2024091501,DEBIT,8920,"Z Kapiti Paraparaumt",-114.53,Car
Visa,2024/09/15,2024091502,DEBIT,8920,"NZH PREMIUM CONTENT 0800100888",-24.0,Phones Internet TV
Visa,2024/09/16,2024091601,DEBIT,8128,"Air NZ Online Auckland",-751.6,Holidays and Entertainment
Visa,2024/09/16,2024091602,DEBIT,8920,"MITRE 10 MEGA KAPITI PARAPARAUMU",-61.24,House and Garden
Visa,2024/09/17,2024091701,DEBIT,8920,"LIFE PHARMACY KAPITI PARAPARAUMU",-5.0,health
Visa,2024/09/17,2024091702,DEBIT,8128,"aliexpress London",-27.39,online shopping
Visa,2024/09/17,2024091703,DEBIT,8920,"Neon Auckland",-12.99,Phones Internet TV
Visa,2024/09/17,2024091704,DEBIT,8920,"WSL 331 COASTLANDS PARAPARAUMU",-39.0,House and Garden
Visa,2024/09/18,2024091801,DEBIT,8920,"WWNZ Online/80 Favona Rd Favona",-136.52,Food
Visa,2024/09/18,2024091802,DEBIT,8920,"DARK HORSE COFFEE KAPITI",-49.8,Food
Visa,2024/09/19,2024091901,DEBIT,8128,"WELLINGTON AIRPORT WELLINGTON",-45.0,Holidays and Entertainment
Visa,2024/09/21,2024092101,DEBIT,8920,"Dominos Estore PARAPARAUM dominos.co.nz",-26.5,Food
Visa,2024/09/23,2024092301,DEBIT,8920,"DARK HORSE COFFEE KAPITI",-49.8,Food
Visa,2024/09/23,2024092302,DEBIT,8128,"aliexpress London",-15.42,online shopping
Visa,2024/09/24,2024092401,DEBIT,8920,"Amazon Prime BG1E69CV3 Amzn.com/bill WA 14.99 US DOLLAR at a Conversion Rate  of 0.6207 (NZ$24.15)",-24.15,Phones Internet TV
Visa,2024/09/24,2024092402,DEBIT,8920,"OFFSHORE SERVICE MARGINS",-0.51,Interest and Bank Charges
Visa,2024/09/24,2024092403,DEBIT,8920,"MY FOOD BAG Auckland",-124.59,Food
Visa,2024/09/25,2024092501,DEBIT,8920,"WWNZ Online/80 Favona Rd Favona",-171.06,Food
Visa,2024/09/25,2024092502,DEBIT,8920,"Google CELSYS Auckland",-39.99,Transfer
Visa,2024/09/26,2024092601,DEBIT,8920,"Paperplus Coastlands Paraparaumu",-10.5,House and Garden
Visa,2024/09/26,2024092602,DEBIT,8920,"Animates Coastlands Ellerslie",-100.0,Rosie
Visa,2024/09/26,2024092603,DEBIT,8920,"Dominos Estore PARAPARAUM dominos.co.nz",-31.2,Food
Visa,2024/09/26,2024092604,DEBIT,8920,"APPLE.COM/BILL SYDNEY",-4.99,Phones Internet TV
Visa,2024/09/27,2024092701,DEBIT,8920,"VAPE VEND PARAPARAUMU",-17.0,Helen
Visa,2024/09/27,2024092702,DEBIT,8920,"SPARK PAY MONTHLY (3) AUCKLAND",-179.44,Phones Internet TV
Visa,2024/09/27,2024092703,DEBIT,8920,"Spotify P303157B2F Stockholm",-16.99,Phones Internet TV
Visa,2024/09/28,2024092801,DEBIT,8128,"RAUMATI ROAD PHARMAC WELLINGTON",-5.0,health
Visa,2024/09/29,2024092901,DEBIT,8128,"NLG 5 PARAPARAUMU PARAPARAUMU",-129.0,no category
Visa,2024/09/29,2024092902,DEBIT,8920,"Dominos Estore PARAPARAUM dominos.co.nz",-27.2,Food
Visa,2024/09/29,2024092903,DEBIT,8128,"HARRISONS COUNTRY GRDN WAIKANAE",-49.99,House and Garden
Visa,2024/09/29,2024092904,DEBIT,8128,"MITRE 10 MEGA KAPITI PARAPARAUMU",-4.35,House and Garden
Visa,2024/09/29,2024092905,DEBIT,8920,"Spotify AB STOCKHOLM",-19.99,Phones Internet TV
Visa,2024/09/30,2024093001,DEBIT,8128,"PAYPAL  DICK SMITH 0390685771",-31.98,Pat
Visa,2024/09/30,2024093002,DEBIT,8128,"aliexpress London",-22.93,online shopping
Visa,2024/10/01,2024100101,DEBIT,8920,"MY FOOD BAG Auckland",-124.59,Food
Visa,2024/10/02,2024100201,DEBIT,8920,"SP KINGS SEEDS NZ KATIKATI",-23.75,House and Garden
Visa,2024/10/02,2024100202,DEBIT,8128,"aliexpress London",-20.31,online shopping
Visa,2024/10/03,2024100301,DEBIT,8920,"WWNZ Online/80 Favona Rd Favona",-150.27,Food
Visa,2024/10/03,2024100302,DEBIT,8128,"AMAZON WEB SERVICES AUCKLAND",-8.96,Pat
Visa,2024/10/03,2024100303,DEBIT,8128,"MITRE 10 MEGA KAPITI PARAPARAUMU",-113.48,House and Garden
Visa,2024/10/03,2024100304,DEBIT,8128,"Google GSUITE_helenryan.c Auckland 16.56 US DOLLAR at a Conversion Rate  of 0.6328 (NZ$26.17)",-26.17,Phones Internet TV
Visa,2024/10/03,2024100305,DEBIT,8128,"OFFSHORE SERVICE MARGINS",-0.55,Interest and Bank Charges
Visa,2024/10/03,2024100306,DEBIT,8128,"PAYPAL  STOCK ROVER 4029357733",-13.17,Pat
Visa,2024/10/04,2024100401,DEBIT,8128,"MITRE 10 MEGA KAPITI PARAPARAUMU",-11.2,House and Garden
Visa,2024/10/04,2024100402,DEBIT,8128,"aliexpress London",-20.25,online shopping
Visa,2024/10/04,2024100403,DEBIT,8128,"Resene - Kapiti 026 Paraparaumu",-22.05,House and Garden
Visa,2024/10/04,2024100404,DEBIT,8920,"LIFE PHARMACY KAPITI PARAPARAUMU",-61.98,health
Visa,2024/10/04,2024100405,DEBIT,8920,"Dominos Estore PARAPARAUM dominos.co.nz",-27.2,Food
Visa,2024/10/05,2024100501,DEBIT,8128,"MITRE 10 MEGA KAPITI PARAPARAUMU",-35.17,House and Garden
Visa,2024/10/05,2024100502,DEBIT,8920,"The Surfers Mistress Paraparaumu B",-71.4,Holidays and Entertainment
Visa,2024/10/05,2024100503,DEBIT,8920,"RAUMATI ROAD SURGERY PARAPARAUMU",-30.0,health
Visa,2024/10/05,2024100504,DEBIT,8920,"VAPE VEND PARAPARAUMU",-100.0,Helen
Visa,2024/10/06,2024100601,DEBIT,8920,"WWNZ Online/80 Favona Rd Favona",-118.0,Food
Visa,2024/10/06,2024100602,DEBIT,8128,"CARD/ACCOUNT FEE",-27.5,Interest and Bank Charges
Visa,2024/10/06,2024100603,DEBIT,8920,"CARD/ACCOUNT FEE",-27.5,Interest and Bank Charges
Visa,2024/10/07,2024100701,DEBIT,8128,"MITRE 10 MEGA KAPITI PARAPARAUMU",-6.98,House and Garden
Visa,2024/10/07,2024100702,CREDIT,8920,"PAYMENT RECEIVED drawings",5000.0,Transfer
Visa,2024/10/08,2024100801,DEBIT,8128,"PAYPAL  SKYSPORT 4029357733 NY",-49.99,Phones Internet TV
Visa,2024/10/08,2024100802,DEBIT,8920,"MY FOOD BAG Auckland",-124.59,Food
Visa,2024/10/09,2024100901,DEBIT,8920,"MY FOOD BAG Auckland",-349.99,Food
Visa,2024/10/10,2024101001,DEBIT,8920,"GORDONHARRISARTSUPPLIES AUCKLAND",-33.49,Helen
Visa,2024/10/10,2024101002,DEBIT,8920,"IAG NZ - ASB INSURANCE AUCKLAND",-47.4,Insurance
Visa,2024/10/10,2024101003,DEBIT,8920,"IAG NZ - ASB INSURANCE AUCKLAND",-366.04,Insurance
Visa,2024/10/10,2024101004,DEBIT,8920,"IAG NZ - ASB INSURANCE AUCKLAND",-74.84,Insurance
Visa,2024/10/11,2024101101,DEBIT,8920,"WWNZ Online/80 Favona Rd Favona",-178.03,Food
Visa,2024/10/11,2024101102,DEBIT,8920,"Air NZ Online Auckland",-487.2,Holidays and Entertainment
Visa,2024/10/11,2024101103,DEBIT,8920,"Air NZ Online Auckland",-347.2,Holidays and Entertainment
Visa,2024/10/11,2024101104,DEBIT,8920,"Air NZ Online Auckland",-311.6,Holidays and Entertainment
Visa,2024/10/11,2024101105,DEBIT,8128,"LIGHT HOUSE PAUATAHANUI PORIRUA",-43.0,Holidays and Entertainment
Visa,2024/10/11,2024101106,DEBIT,8128,"PAYPAL  MICROSOFTNE 4029357733",-12.0,Phones Internet TV
Visa,2024/10/12,2024101201,DEBIT,8920,"Dominos Estore PARAPARAUM dominos.co.nz",-38.2,Food
Visa,2024/10/12,2024101202,DEBIT,8920,"WELLINGTON INTERNATI WELLINGTON",-99.5,Holidays and Entertainment
Visa,2024/10/12,2024101203,DEBIT,8920,"aliexpress London",-38.57,online shopping
Visa,2024/10/12,2024101204,DEBIT,8920,"aliexpress London",-11.66,online shopping
Visa,2024/10/12,2024101205,DEBIT,8920,"aliexpress London",-46.71,online shopping
Visa,2024/10/13,2024101301,DEBIT,8128,"LIGHT HOUSE PAUATAHANUI PORIRUA",-25.0,Holidays and Entertainment
Visa,2024/10/13,2024101302,DEBIT,8920,"LIGHT HOUSE PAUATAHANUI PORIRUA",-5.0,Holidays and Entertainment
Visa,2024/10/13,2024101303,DEBIT,8128,"THE WAREHOUSE 135 PARAPAR WELLINGTON",-104.0,House and Garden
Visa,2024/10/13,2024101304,DEBIT,8128,"BP CONNECT MANA PORIRUA",-105.75,Car
Visa,2024/10/13,2024101305,DEBIT,8128,"BUNNINGS - 9477 PORIRUA",-55.0,House Maintenance
Visa,2024/10/13,2024101306,DEBIT,8920,"BOUNDARY TAP   KITCHEN PARAPARAUMU",-58.32,Holidays and Entertainment
Visa,2024/10/13,2024101307,DEBIT,8920,"NZH PREMIUM CONTENT 093739276",-24.0,Phones Internet TV
Visa,2024/10/13,2024101308,DEBIT,8128,"PAYPAL  GOOGLE GOOGLE 4029357733",-3.49,Phones Internet TV
Visa,2024/10/14,2024101401,DEBIT,8920,"SAND BAR PORIRUA",-69.5,Holidays and Entertainment
Visa,2024/10/14,2024101402,DEBIT,8128,"MITRE 10 MEGA KAPITI PARAPARAUMU",-31.1,House and Garden
Visa,2024/10/14,2024101403,DEBIT,8128,"PAYPAL  KIWI3D 0221303173",-44.15,Pat
Visa,2024/10/14,2024101404,DEBIT,8128,"TRADEME WR05 PING Wellington",-68.81,online shopping
Visa,2024/10/15,2024101501,DEBIT,8920,"MY FOOD BAG Auckland",-124.59,Food
Visa,2024/10/16,2024101601,DEBIT,8920,"BRISCOES HOMEWARE AUCKLAND",-42.98,House and Garden
Visa,2024/10/16,2024101602,DEBIT,8920,"Dominos Estore PARAPARAUM dominos.co.nz",-37.69,Food
Visa,2024/10/17,2024101701,DEBIT,8920,"Neon Auckland",-12.99,Phones Internet TV
Visa,2024/10/17,2024101702,DEBIT,8920,"WWNZ Online/80 Favona Rd Favona",-152.78,Food
Visa,2024/10/17,2024101703,DEBIT,8128,"RAUMATI ROAD SURGERY PARAPARAUMU",-82.0,health
Visa,2024/10/17,2024101704,DEBIT,8920,"aliexpress London",-22.61,online shopping
Visa,2024/10/18,2024101801,DEBIT,8920,"WOOLWORTHS NZ/COASTLANDS PARAPARAUMU",-39.49,Food
Visa,2024/10/18,2024101802,DEBIT,8920,"DARK HORSE COFFEE KAPITI",-49.8,Food
Visa,2024/10/20,2024102001,DEBIT,8128,"THE WAREHOUSE 135 PARAPAR WELLINGTON",-7.0,House and Garden
Visa,2024/10/20,2024102002,DEBIT,8128,"WAREHOUSE STATIONARY 331 PARAPARAUMU",-7.0,House and Garden
Visa,2024/10/20,2024102003,DEBIT,8128,"379 MEDIA LIMITED SPRINGSTON",-162.5,no category
Visa,2024/10/20,2024102004,DEBIT,8128,"MITRE 10 MEGA KAPITI PARAPARAUMU",-205.41,House and Garden
Visa,2024/10/21,2024102101,DEBIT,8920,"Air NZ Online Auckland",-30.0,Holidays and Entertainment
Visa,2024/10/21,2024102102,DEBIT,8920,"Air NZ Online Auckland",-60.0,Holidays and Entertainment
Visa,2024/10/21,2024102103,DEBIT,8920,"SP BULBS DIRECT NZ WHANGAREI",-28.89,House Maintenance
Visa,2024/10/21,2024102104,DEBIT,8920,"Air NZ Online Auckland",-30.0,Holidays and Entertainment
Visa,2024/10/21,2024102105,DEBIT,8128,"MITRE 10 MEGA KAPITI PARAPARAUMU",-28.19,House and Garden
Visa,2024/10/21,2024102106,DEBIT,8920,"TRADEME TSR2 PING Wellington",-23.0,online shopping
Visa,2024/10/22,2024102201,DEBIT,8920,"WWNZ Online/80 Favona Rd Favona",-186.41,Food
Visa,2024/10/23,2024102301,DEBIT,8920,"Paperplus Coastlands Paraparaumu",-220.43,House and Garden
Visa,2024/10/23,2024102302,DEBIT,8920,"Dominos Estore PARAPARAUM dominos.co.nz",-37.69,Food
Visa,2024/10/23,2024102303,DEBIT,8920,"APPLE.COM/BILL SYDNEY",-31.99,Phones Internet TV
Visa,2024/10/24,2024102401,DEBIT,8920,"DARK HORSE COFFEE KAPITI",-49.8,Food
Visa,2024/10/24,2024102402,DEBIT,8920,"COMMONSENSE KAPITI PARAPARAUMU",-29.9,Food
Visa,2024/10/24,2024102403,DEBIT,8920,"LIFE PHARMACY KAPITI PARAPARAUMU",-80.0,health
Visa,2024/10/24,2024102404,DEBIT,8920,"RAUMATI ROAD SURGERY PARAPARAUMU",-32.0,health
Visa,2024/10/24,2024102405,DEBIT,8920,"Amazon Prime DR46W1TH3 Amzn.com/bill WA 14.99 US DOLLAR at a Conversion Rate  of 0.6027 (NZ$24.87)",-24.87,Phones Internet TV
Visa,2024/10/24,2024102406,DEBIT,8920,"OFFSHORE SERVICE MARGINS",-0.52,Interest and Bank Charges
Visa,2024/10/25,2024102501,DEBIT,8128,"Google LINKEDIN COM Auckland",-33.74,Transfer
Visa,2024/10/26,2024102601,DEBIT,8920,"Sopheze Coffee Lounge Timaru",-54.0,Holidays and Entertainment
Visa,2024/10/26,2024102602,DEBIT,8920,"APPLE.COM/BILL SYDNEY",-4.99,Phones Internet TV
Visa,2024/10/27,2024102701,DEBIT,8920,"Liquorland Highfield Timaru",-31.99,Holidays and Entertainment
Visa,2024/10/27,2024102702,DEBIT,8128,"Four Square MacKenzie Twizel",-89.62,Holidays and Entertainment
Visa,2024/10/27,2024102703,DEBIT,8128,"UNITED BREW WORKS WELLINGTON",-24.99,Holidays and Entertainment
Visa,2024/10/27,2024102704,DEBIT,8920,"Spotify P30FA100B5 Stockholm",-16.99,Phones Internet TV
Visa,2024/10/28,2024102801,DEBIT,8920,"2DEGREES MOBILE AUCKLAND",-100.0,Phones Internet TV
Visa,2024/10/29,2024102901,DEBIT,8128,"Mobil Twizel Twizel",-85.36,Holidays and Entertainment
Visa,2024/10/29,2024102902,DEBIT,8920,"MacKenzie Pharmacy Twizel",-14.4,health
Visa,2024/10/29,2024102903,DEBIT,8920,"FOUR SQUARE TWIZEL TWIZEL",-7.49,Holidays and Entertainment
Visa,2024/10/29,2024102904,DEBIT,8920,"MY FOOD BAG Auckland",-124.59,Food
Visa,2024/10/30,2024103001,DEBIT,8128,"Hermitage Snowline Bar Mt Cook",-37.23,Holidays and Entertainment
Visa,2024/10/30,2024103002,DEBIT,8920,"Hermitage Sir ED Cafe 2 Mt Cook",-22.0,Holidays and Entertainment
Visa,2024/10/30,2024103003,DEBIT,8920,"Hermitage Sir ED Cafe 2 Mt Cook",-18.36,Holidays and Entertainment
Visa,2024/10/30,2024103004,DEBIT,8920,"Hermitage Reception 1 Mt Cook",-321.3,Holidays and Entertainment
Visa,2024/10/30,2024103005,DEBIT,8920,"Hermitage Sir ED Cafe 2 Mt Cook",-7.0,Holidays and Entertainment
Visa,2024/10/30,2024103006,DEBIT,8920,"Hermitage Sir ED Cafe 2 Mt Cook",-7.0,Holidays and Entertainment
Visa,2024/10/30,2024103007,DEBIT,8920,"Hermitage Sir ED Cafe 2 Mt Cook",-18.0,Holidays and Entertainment
Visa,2024/10/30,2024103008,DEBIT,8920,"HIGH COUNTRY SALMON TWIZEL",-62.02,Holidays and Entertainment
Visa,2024/10/30,2024103009,DEBIT,8920,"FOUR SQUARE TWIZEL TWIZEL",-13.98,Holidays and Entertainment
Visa,2024/10/30,2024103010,DEBIT,8920,"POPPIES CAFE TWIZEL",-12.38,Holidays and Entertainment
Visa,2024/10/30,2024103011,DEBIT,8920,"POPPIES CAFE TWIZEL",-178.58,Holidays and Entertainment
Visa,2024/10/30,2024103012,DEBIT,8920,"SPARK PAY MONTHLY (3) AUCKLAND",-179.74,Phones Internet TV
Visa,2024/10/30,2024103013,DEBIT,8920,"TRADEME E6N4 PING Wellington",-36.0,online shopping
Visa,2024/10/31,2024103101,DEBIT,8920,"DARK HORSE COFFEE KAPITI",-49.8,Food
Visa,2024/10/31,2024103102,CREDIT,8920,"Hermitage Reception 1 Mt Cook",20.5,Holidays and Entertainment
Visa,2024/11/01,2024110101,DEBIT,8920,"Liquorland Highfield Timaru",-39.99,Holidays and Entertainment
Visa,2024/11/01,2024110102,DEBIT,8920,"MACKENZIES CAFE BAR GRILL LAKE TEKAPO",-10.8,Holidays and Entertainment
Visa,2024/11/02,2024110201,DEBIT,8920,"SP FOXTROT HOME WAIPUKURAU",-202.0,Gifts
Visa,2024/11/02,2024110202,DEBIT,8920,"Dominos Estore PARAPARAUM dominos.co.nz",-27.69,Food
Visa,2024/11/03,2024110301,DEBIT,8920,"WWNZ Online/80 Favona Rd Favona",-223.87,Food
Visa,2024/11/03,2024110302,DEBIT,8128,"AMAZON WEB SERVICES AUCKLAND",-9.18,Pat
Visa,2024/11/03,2024110303,DEBIT,8128,"LIFE PHARMACY KAPITI PARAPARAUMU",-24.99,health
Visa,2024/11/03,2024110304,DEBIT,8128,"RAUMATI FISH SUPPLY RAUMATI BEACH",-20.7,Food
Visa,2024/11/03,2024110305,DEBIT,8128,"PAYPAL  STOCK ROVER 4029357733",-14.02,Pat
Visa,2024/11/03,2024110306,DEBIT,8128,"GOOGLE  SERVICES AUCKLAND 16.56 US DOLLAR at a Conversion Rate  of 0.5938 (NZ$27.89)",-27.89,Phones Internet TV
Visa,2024/11/03,2024110307,DEBIT,8128,"OFFSHORE SERVICE MARGINS",-0.59,Interest and Bank Charges
Visa,2024/11/03,2024110308,DEBIT,8128,"aliexpress London",-54.75,online shopping
Visa,2024/11/03,2024110309,DEBIT,8128,"aliexpress London",-116.96,online shopping
Visa,2024/11/05,2024110501,DEBIT,8920,"aliexpress London",-24.32,online shopping
Visa,2024/11/05,2024110502,DEBIT,8920,"MY FOOD BAG Auckland",-124.59,Food
Visa,2024/11/06,2024110601,DEBIT,8920,"Dominos Estore PARAPARAUM dominos.co.nz",-31.69,Food
Visa,2024/11/06,2024110602,DEBIT,8920,"aliexpress London",-24.68,online shopping
Visa,2024/11/08,2024110801,DEBIT,8128,"PAYPAL  SKYSPORT 4029357733 NY",-49.99,Phones Internet TV
Visa,2024/11/08,2024110802,CREDIT,8920,"PAYMENT RECEIVED drawings",7400.0,Transfer
Visa,2024/11/09,2024110901,DEBIT,8920,"APPLE.COM/BILL SYDNEY",-18.35,Phones Internet TV
Visa,2024/11/10,2024111001,DEBIT,8128,"LIFE PHARMACY KAPITI PARAPARAUMU",-19.99,health
Visa,2024/11/10,2024111002,DEBIT,8920,"NZH PREMIUM CONTENT 093739276",-24.0,Phones Internet TV
Visa,2024/11/10,2024111003,DEBIT,8920,"IAG NZ - ASB INSURANCE AUCKLAND",-366.04,Insurance
Visa,2024/11/10,2024111004,DEBIT,8920,"IAG NZ - ASB INSURANCE AUCKLAND",-74.84,Insurance
Visa,2024/11/10,2024111005,DEBIT,8920,"IAG NZ - ASB INSURANCE AUCKLAND",-47.4,Insurance
Visa,2024/11/11,2024111101,DEBIT,8128,"WAREHOUSE STATIONARY 331 PARAPARAUMU",-4.5,House and Garden
Visa,2024/11/11,2024111102,DEBIT,8920,"Dominos Estore PARAPARAUM dominos.co.nz",-27.69,Food
Visa,2024/11/11,2024111103,DEBIT,8128,"MITRE 10 MEGA KAPITI PARAPARAUMU",-16.98,House and Garden
Visa,2024/11/11,2024111104,DEBIT,8128,"PAYPAL  MICROSOFTNE 4029357733",-12.0,Phones Internet TV
Visa,2024/11/12,2024111201,DEBIT,8920,"WWNZ Online/80 Favona Rd Favona",-239.85,Food
Visa,2024/11/12,2024111202,DEBIT,8920,"MITRE 10 MEGA KAPITI PARAPARAUMU",-176.53,House and Garden
Visa,2024/11/12,2024111203,DEBIT,8920,"MY FOOD BAG Auckland",-124.59,Food
Visa,2024/11/13,2024111301,DEBIT,8128,"PAYPAL  GOOGLE GOOGLE 4029357733",-3.49,Phones Internet TV
Visa,2024/11/14,2024111401,DEBIT,8920,"Spotlight Stores NZ Ltd Porirua",-35.0,House and Garden
Visa,2024/11/14,2024111402,DEBIT,8920,"DARK HORSE COFFEE KAPITI",-49.8,Food
Visa,2024/11/14,2024111403,DEBIT,8920,"Dominos Estore PARAPARAUM dominos.co.nz",-31.69,Food
Visa,2024/11/15,2024111501,DEBIT,8920,"AS Colour Limited 6498352710",-63.99,Helen
Visa,2024/11/15,2024111502,DEBIT,8920,"WHITCOULL PARAPARA 131 PARAPARAUMU",-64.96,Gifts
Visa,2024/11/15,2024111503,DEBIT,8920,"FARMERS PARAPARAUMU",-59.97,House and Garden
Visa,2024/11/15,2024111504,DEBIT,8920,"Kapiti Dental Clinic Paraparaumu",-175.0,health
Visa,2024/11/16,2024111601,DEBIT,8128,"ST PIERRE'S LAMBTON SQUAR WELLINGTON",-11.6,Food
Visa,2024/11/17,2024111701,DEBIT,8920,"Neon Auckland",-12.99,Phones Internet TV
Visa,2024/11/17,2024111702,DEBIT,8920,"SP KINGDOM OF KLAH MOTUEKA",-244.0,Gifts
Visa,2024/11/17,2024111703,DEBIT,8920,"THE WAREHOUSE STATIONERY AUCKLAND",-8.1,House and Garden
Visa,2024/11/17,2024111704,DEBIT,8920,"THE WAREHOUSE 135 PARAPAR WELLINGTON",-56.0,House and Garden
Visa,2024/11/17,2024111705,DEBIT,8920,"THE WAREHOUSE STATIONERY AUCKLAND",-0.3,House and Garden
Visa,2024/11/17,2024111706,DEBIT,8920,"WAREHOUSE STATIONARY 331 PARAPARAUMU",-39.0,House and Garden
Visa,2024/11/17,2024111707,DEBIT,8128,"aliexpress London",-32.17,online shopping
Visa,2024/11/18,2024111801,DEBIT,8920,"WWNZ Online/80 Favona Rd Favona",-371.13,Food
Visa,2024/11/18,2024111802,DEBIT,8920,"SP FOXTROT HOME WAIPUKURAU",-275.0,Gifts
Visa,2024/11/19,2024111901,DEBIT,8920,"Dominos Estore PARAPARAUM dominos.co.nz",-46.94,Food
Visa,2024/11/19,2024111902,DEBIT,8128,"ST PIERRE'S LAMBTON SQUAR WELLINGTON",-11.6,Food
Visa,2024/11/19,2024111903,DEBIT,8920,"MY FOOD BAG Auckland",-124.59,Food
Visa,2024/11/20,2024112001,DEBIT,8920,"Animates Coastlands Ellerslie",-153.84,Rosie
Visa,2024/11/22,2024112201,DEBIT,8920,"LIFE PHARMACY KAPITI PARAPARAUMU",-5.0,health
Visa,2024/11/23,2024112301,DEBIT,8920,"Dominos Estore PARAPARAUM dominos.co.nz",-31.69,Food
Visa,2024/11/23,2024112302,DEBIT,8128,"ST PIERRE'S LAMBTON SQUAR WELLINGTON",-11.6,Food
Visa,2024/11/23,2024112303,DEBIT,8920,"Amazon Prime T077C4I43 Amzn.com/bill WA 14.99 US DOLLAR at a Conversion Rate  of 0.5849 (NZ$25.63)",-25.63,Phones Internet TV
Visa,2024/11/23,2024112304,DEBIT,8920,"OFFSHORE SERVICE MARGINS",-0.54,Interest and Bank Charges
Visa,2024/11/25,2024112501,DEBIT,8920,"WWNZ Online/80 Favona Rd Favona",-137.39,Food
Visa,2024/11/25,2024112502,DEBIT,8128,"COMPOSTING HUTT VALLEY UPPER HUTT",-48.4,House and Garden
Visa,2024/11/25,2024112503,DEBIT,8128,"aliexpress London",-16.61,online shopping
Visa,2024/11/26,2024112601,DEBIT,8920,"MY FOOD BAG Auckland",-124.59,Food
Visa,2024/11/26,2024112602,DEBIT,8920,"Paperplus Coastlands Paraparaumu",-1.0,House and Garden
Visa,2024/11/26,2024112603,DEBIT,8920,"Paperplus Coastlands Paraparaumu",-241.08,House and Garden
Visa,2024/11/26,2024112604,DEBIT,8920,"Dominos Estore PARAPARAUM dominos.co.nz",-31.69,Food
Visa,2024/11/26,2024112605,DEBIT,8128,"ST PIERRE'S LAMBTON SQUAR WELLINGTON",-12.1,Food
Visa,2024/11/26,2024112606,DEBIT,8920,"APPLE.COM/BILL SYDNEY",-4.99,Phones Internet TV
Visa,2024/11/26,2024112607,DEBIT,8920,"aliexpress London",-6.63,online shopping
Visa,2024/11/26,2024112608,DEBIT,8920,"aliexpress London",-23.95,online shopping
Visa,2024/11/27,2024112701,DEBIT,8920,"SP FOXTROT HOME WAIPUKURAU",-265.0,Gifts
Visa,2024/11/27,2024112702,DEBIT,8128,"THE WAREHOUSE 135 PARAPAR WELLINGTON",-12.0,House and Garden
Visa,2024/11/27,2024112703,DEBIT,8920,"WHITCOULL PARAPARA 131 PARAPARAUMU",-22.99,Gifts
Visa,2024/11/27,2024112704,DEBIT,8920,"BP CONNECT PARAPARAUMU PARAPARAUMU",-118.53,Car
Visa,2024/11/27,2024112705,DEBIT,8920,"MITRE 10 MEGA KAPITI PARAPARAUMU",-43.8,House and Garden
Visa,2024/11/27,2024112706,DEBIT,8920,"Spotify P31C97AA5C Stockholm",-18.99,Phones Internet TV
Visa,2024/11/28,2024112801,DEBIT,8920,"DARK HORSE COFFEE KAPITI",-49.8,Food
Visa,2024/11/29,2024112901,DEBIT,8920,"Paperplus Coastlands Paraparaumu",-121.45,House and Garden
Visa,2024/11/29,2024112902,DEBIT,8920,"Paperplus Coastlands Paraparaumu",-94.94,House and Garden
Visa,2024/11/30,2024113001,DEBIT,8128,"Midwest Disposals Otaihanga",-70.0,House and Garden
Visa,2024/11/30,2024113002,DEBIT,8128,"ST PIERRE'S LAMBTON SQUAR WELLINGTON",-11.6,Food
Visa,2024/11/30,2024113003,DEBIT,8920,"VAPE VEND PARAPARAUMU",-52.5,Helen
Visa,2024/11/30,2024113004,DEBIT,8920,"BP CONNECT PARAPARAUMU PARAPARAUMU",-48.0,Car
Visa,2024/12/01,2024120101,DEBIT,8920,"WWNZ Online/80 Favona Rd Favona",-116.21,Food
Visa,2024/12/01,2024120102,DEBIT,8920,"Dominos Estore PARAPARAUM dominos.co.nz",-31.69,Food
Visa,2024/12/01,2024120103,DEBIT,8920,"EVENT CINEMAS COASTLAN PARAPARAUMU",-50.0,Holidays and Entertainment
Visa,2024/12/02,2024120201,DEBIT,8920,"WOOLWORTHS NZ/COASTLANDS PARAPARAUMU",-54.0,Food
Visa,2024/12/03,2024120301,DEBIT,8128,"AMAZON WEB SERVICES AUCKLAND",-9.43,Pat
Visa,2024/12/03,2024120302,DEBIT,8128,"ST PIERRE'S LAMBTON SQUAR WELLINGTON",-11.6,Food
Visa,2024/12/03,2024120303,DEBIT,8128,"PAYPAL  STOCK ROVER 4029357733",-14.16,Pat
Visa,2024/12/03,2024120304,DEBIT,8128,"GOOGLE  SERVICES AUCKLAND 16.56 US DOLLAR at a Conversion Rate  of 0.5885 (NZ$28.14)",-28.14,Phones Internet TV
Visa,2024/12/03,2024120305,DEBIT,8128,"OFFSHORE SERVICE MARGINS",-0.59,Interest and Bank Charges
Visa,2024/12/03,2024120306,DEBIT,8920,"MY FOOD BAG Auckland",-124.59,Food
Visa,2024/12/04,2024120401,DEBIT,8920,"WELLINGTON AIRPORT WELLINGTON",-14.0,Holidays and Entertainment
Visa,2024/12/05,2024120501,DEBIT,8920,"Paperplus Coastlands Paraparaumu",-39.95,Gifts
Visa,2024/12/05,2024120502,DEBIT,8920,"Spotlight Stores NZ Ltd Porirua",-71.9,House and Garden
Visa,2024/12/05,2024120503,DEBIT,8920,"DARK HORSE COFFEE KAPITI",-49.8,Food
Visa,2024/12/05,2024120504,DEBIT,8920,"FARMERS PARAPARAUMU",-25.18,House and Garden
Visa,2024/12/06,2024120601,DEBIT,8920,"SP DISCOUNTOFFICE SANDRINGHAM",-26.59,Helen
Visa,2024/12/06,2024120602,DEBIT,8920,"THE WAREHOUSE 135 PARAPAR WELLINGTON",-13.2,House and Garden
Visa,2024/12/06,2024120603,DEBIT,8128,"WCC PARKING METERS WELLINGTON",-9.3,Car
Visa,2024/12/06,2024120604,DEBIT,8920,"MITRE 10 MEGA KAPITI PARAPARAUMU",-15.96,House and Garden
Visa,2024/12/06,2024120605,DEBIT,8920,"MITRE 10 MEGA KAPITI PARAPARAUMU",-16.98,House and Garden
Visa,2024/12/06,2024120606,DEBIT,8920,"aliexpress London",-31.42,online shopping
Visa,2024/12/06,2024120607,CREDIT,8920,"SP FOXTROT HOME WAIPUKURAU",265.0,Gifts
Visa,2024/12/07,2024120701,DEBIT,8920,"WILSON PARKING WELLINGTON",-18.6,Car
Visa,2024/12/07,2024120702,DEBIT,8128,"OLD GEORGE CAFE WELLINGTON",-4.59,Pat
Visa,2024/12/07,2024120703,DEBIT,8128,"ST PIERRE'S LAMBTON SQUAR WELLINGTON",-12.99,Food
Visa,2024/12/07,2024120704,DEBIT,8920,"aliexpress London",-74.02,online shopping
Visa,2024/12/07,2024120705,DEBIT,8920,"NPD KAPITI PARAPARAUMU",-87.61,Car
Visa,2024/12/07,2024120706,CREDIT,8920,"PAYMENT RECEIVED drawings",5200.0,Transfer
Visa,2024/12/08,2024120801,DEBIT,8128,"Kings Plant Barn Milford",-21.99,House and Garden
Visa,2024/12/08,2024120802,DEBIT,8920,"NZ Candle Supplies Papakura",-36.72,Transfer
Visa,2024/12/08,2024120803,DEBIT,8128,"HARTLEYS HAIR PARAPARAUMU",-48.0,Pat
Visa,2024/12/08,2024120804,DEBIT,8920,"Dominos Estore PARAPARAUM dominos.co.nz",-31.69,Food
Visa,2024/12/08,2024120805,DEBIT,8920,"NZH PREMIUM CONTENT 093739276",-24.0,Phones Internet TV
Visa,2024/12/08,2024120806,DEBIT,8128,"PAYPAL  SKYSPORT 4029357733 NY",-49.99,Phones Internet TV
Visa,2024/12/10,2024121001,DEBIT,8920,"MY FOOD BAG Auckland",-124.59,Food
Visa,2024/12/10,2024121002,DEBIT,8920,"IAG NZ - ASB INSURANCE AUCKLAND",-47.39,Insurance
Visa,2024/12/10,2024121003,DEBIT,8920,"IAG NZ - ASB INSURANCE AUCKLAND",-366.03,Insurance
Visa,2024/12/10,2024121004,DEBIT,8920,"IAG NZ - ASB INSURANCE AUCKLAND",-74.83,Insurance
Visa,2024/12/11,2024121101,DEBIT,8920,"WWNZ Online/80 Favona Rd Favona",-169.24,Food
Visa,2024/12/11,2024121102,DEBIT,8920,"Mana Unlimited Porirua",-420.0,health
Visa,2024/12/11,2024121103,DEBIT,8920,"Paperplus Coastlands Paraparaumu",-50.49,House and Garden
Visa,2024/12/11,2024121104,DEBIT,8920,"Animates Coastlands Ellerslie",-40.48,Rosie
Visa,2024/12/11,2024121105,DEBIT,8920,"Spotlight Stores NZ Ltd Porirua",-33.1,House and Garden
Visa,2024/12/11,2024121106,DEBIT,8128,"PAYPAL  MICROSOFTNE 4029357733",-17.0,Phones Internet TV
Visa,2024/12/12,2024121201,DEBIT,8920,"DARK HORSE COFFEE KAPITI",-49.8,Food
Visa,2024/12/12,2024121202,DEBIT,8920,"SALVATION ARMY FAMIL PARAPARAUMU",-18.0,House and Garden
Visa,2024/12/13,2024121301,DEBIT,8128,"PAYPAL  GOOGLE GOOGLE 4029357733",-3.49,Phones Internet TV
Visa,2024/12/14,2024121401,DEBIT,8128,"ST PIERRE'S LAMBTON SQUAR WELLINGTON",-11.6,Food
Visa,2024/12/14,2024121402,DEBIT,8920,"APPLE.COM/BILL SYDNEY",-69.99,health
Visa,2024/12/15,2024121501,DEBIT,8920,"Dominos Estore PARAPARAUM dominos.co.nz",-31.69,Food
Visa,2024/12/16,2024121601,DEBIT,8920,"Paperplus Coastlands Paraparaumu",-10.5,House and Garden
Visa,2024/12/16,2024121602,DEBIT,8920,"WOOLWORTHS NZ/COASTLANDS PARAPARAUMU",-203.73,Food
Visa,2024/12/16,2024121603,DEBIT,8128,"MITRE 10 MEGA KAPITI PARAPARAUMU",-19.58,House and Garden
Visa,2024/12/16,2024121604,DEBIT,8128,"aliexpress London",-23.52,online shopping
Visa,2024/12/17,2024121701,DEBIT,8920,"Neon Auckland",-12.99,Phones Internet TV
Visa,2024/12/17,2024121702,DEBIT,8128,"ST PIERRE'S LAMBTON SQUAR WELLINGTON",-13.9,Food
Visa,2024/12/18,2024121801,DEBIT,8920,"Woolworths Online Favona",-238.17,Food
Visa,2024/12/18,2024121802,DEBIT,8920,"Dominos Estore PARAPARAUM dominos.co.nz",-31.69,Food
Visa,2024/12/19,2024121901,DEBIT,8920,"DARK HORSE COFFEE KAPITI",-49.8,Food
Visa,2024/12/21,2024122101,DEBIT,8920,"Dominos Estore PARAPARAUM dominos.co.nz",-31.69,Food
Visa,2024/12/22,2024122201,DEBIT,8128,"SUPERCHEAP AUTO PARAPARAUMU",-249.99,Gifts
Visa,2024/12/22,2024122202,DEBIT,8920,"Dominos Estore PARAPARAUM dominos.co.nz",-31.69,Food
Visa,2024/12/22,2024122203,DEBIT,8128,"MITRE 10 MEGA KAPITI PARAPARAUMU",-10.09,House and Garden
Visa,2024/12/23,2024122301,DEBIT,8128,"WOOLWORTHS NZ/COASTLANDS PARAPARAUMU",-38.58,Food
Visa,2024/12/23,2024122302,DEBIT,8920,"THREE QUARTER SOCIETY WELLINGTON",-4.9,Helen
Visa,2024/12/23,2024122303,DEBIT,8920,"WELLINGTON AIRPORT WELLINGTON",-14.0,Holidays and Entertainment
Streamline,2024/12/27,2024122701,A/P,"Our savings","A/P savings",-500.00,Transfer
Streamline,2024/12/27,2024122702,D/D,"KCDC RATES","D/D KAPITI RATES 21 GAVIN RD 1528235800",-187.84,House and Garden
Streamline,2024/12/27,2024122703,BILLPAY,"PMT TO FC12-3157-0180277-00","BILL PAYMENT TO Fergus CallofDuty Christmas",-150.00,Gifts
Streamline,2024/12/30,2024123001,EFTPOS,"Composting Waikanae Paraparaumu","EFTPOS",-24.00,House Maintenance
Streamline,2024/12/31,2024123101,TFR IN,"MB TRANSFER","EX 12-3157- 0148824-50 drawings",5000.00,Transfer
Streamline,2025/01/02,2025010201,D/C,"D/C FROM Haye S E & G","Mum's cases",60.00,Transfer
Streamline,2025/01/02,2025010202,D/D,"Southern Cross Healt","D/D 000036590135 2040493",-109.21,Insurance
Streamline,2025/01/03,2025010301,A/P,"Our savings","A/P savings",-500.00,Transfer
Streamline,2025/01/06,2025010601,D/D,"ENVIRO NZ","D/D ENVIRO NZ SE  EC0000118469",-53.46,House Maintenance
Streamline,2025/01/07,2025010701,BILLPAY,"PMT TO FC03-0732-0443448-00","BILL PAYMENT TO script RYAN CHART3168",-30.00,health
Streamline,2025/01/08,2025010801,A/P,"ASB KiwiSaver","A/P 018-975-203 Ryan kiwisaver",-100.00,Transfer
Streamline,2025/01/08,2025010802,BILLPAY,"PMT TO FC38-9009-0796501-00","BILL PAYMENT TO Dr Peter script CH2563",-45.00,health
Streamline,2025/01/10,2025011001,A/P,"Our savings","A/P savings",-500.00,Transfer
Streamline,2025/01/10,2025011002,D/D,"Royal New Zealand Fo","D/D ",-35.00,Gifts
Streamline,2025/01/10,2025011003,D/D,"KCDC RATES","D/D KAPITI RATES 21 GAVIN RD 1528235800",-187.84,House and Garden
Streamline,2025/01/13,2025011301,EFTPOS,"The Cut Hairdressing Otaki","EFTPOS",-100.00,Helen
Streamline,2025/01/16,2025011601,D/D,"Southern Cross Healt","D/D 000036717916 2040493",-109.21,Insurance
Streamline,2025/01/17,2025011701,A/P,"Our savings","A/P savings",-500.00,Transfer
Streamline,2025/01/17,2025011702,BILLPAY,"PMT TO FC12-3157-0180277-00","BILL PAYMENT TO Fergus tshirt TheDuke",-45.00,Helen
Streamline,2025/01/20,2025012001,D/C,"D/C FROM TFR FROM RICKWOOD HO","Rickwood Holdings",790.60,Transfer
Streamline,2025/01/21,2025012101,EFTPOS,"Denture CareService Paraparaumu","EFTPOS",-380.00,health
Streamline,2025/01/21,2025012102,D/C,"D/C FROM Haye S E & G","Optometrist",500.00,health
Streamline,2025/01/23,2025012301,EFTPOS,"Leaf & PetalMarton","EFTPOS",-8.30,Gifts
Streamline,2025/01/24,2025012401,A/P,"Our savings","A/P savings",-500.00,Transfer
Streamline,2025/01/24,2025012402,ATM,"WITHDRAWAL","ATM",-40.00,Pat
Streamline,2025/01/24,2025012403,EFTPOS,"SHORELINE CINEMA WAIKANAE","EFTPOS",-62.50,Holidays and Entertainment
Streamline,2025/01/24,2025012404,D/D,"KCDC RATES","D/D KAPITI RATES 21 GAVIN RD 1528235800",-187.84,House and Garden
Streamline,2025/01/27,2025012701,D/D,"MERCURY NZ LTD","D/D MERCURY LIMI 00024705668 110038746",-206.29,Power
Streamline,2025/01/29,2025012901,EFTPOS,"GRYLLS KELEHER & MATTHEW PARAPARAUMU","EFTPOS",-450.00,health
Streamline,2025/01/29,2025012902,D/C,"D/C FROM ","GRYLLS KELEH ER & MATTHEW Correction",450.00,health
Streamline,2025/01/29,2025012903,EFTPOS,"GRYLLS KELEHER & MATTHEW PARAPARAUMU","EFTPOS",-200.00,health
Streamline,2025/01/29,2025012904,EFTPOS,"GRYLLS KELEHER & MATTHEW PARAPARAUMU","EFTPOS",-200.00,health
Streamline,2025/01/29,2025012905,EFTPOS,"GRYLLS KELEHER & MATTHEW PARAPARAUMU","EFTPOS",-50.00,health
Streamline,2025/01/30,2025013001,BILLPAY,"PMT TO FC03-0049-0000802-27","BILL PAYMENT TO NZPolice speeding PV7584080",-120.00,Car
Streamline,2025/01/30,2025013002,D/D,"Southern Cross Healt","D/D 000036847050 2040493",-109.21,Insurance
Streamline,2025/01/31,2025013101,A/P,"Our savings","A/P savings",-500.00,Transfer
Visa,2024/12/24,2024122401,DEBIT,8128,"WOOLWORTHS NZ/COASTLANDS PARAPARAUMU",-26.79,Food
Visa,2024/12/24,2024122402,DEBIT,8920,"LIFE PHARMACY KAPITI PARAPARAUMU",-19.99,health
Visa,2024/12/24,2024122403,DEBIT,8128,"THE WAREHOUSE 135 PARAPAR WELLINGTON",-20.0,House and Garden
Visa,2024/12/24,2024122404,DEBIT,8128,"LOST MY KEY PORIRUA",-350.0,Car
Visa,2024/12/24,2024122405,DEBIT,8920,"Amazon Prime ZE9VJ4372 Amzn.com/bill WA 14.99 US DOLLAR at a Conversion Rate  of 0.5610 (NZ$26.72)",-26.72,Phones Internet TV
Visa,2024/12/24,2024122406,DEBIT,8920,"OFFSHORE SERVICE MARGINS",-0.56,Interest and Bank Charges
Visa,2024/12/24,2024122407,DEBIT,8128,"aliexpress London",-16.19,online shopping
Visa,2024/12/24,2024122408,DEBIT,8920,"MY FOOD BAG Auckland",-124.59,Food
Visa,2024/12/25,2024122501,DEBIT,8920,"Woolworths Online Favona",-305.13,Food
Visa,2024/12/25,2024122502,DEBIT,8128,"WHITCOULL PARAPARA 131 PARAPARAUMU",-50.0,Gifts
Visa,2024/12/25,2024122503,DEBIT,8128,"NEW WORLD KAPITI PARAPARAUMU",-7.0,Food
Visa,2024/12/25,2024122504,DEBIT,8920,"Dominos Estore PARAPARAUM dominos.co.nz",-73.69,Food
Visa,2024/12/25,2024122505,DEBIT,8128,"MITRE 10 MEGA KAPITI PARAPARAUMU",-100.0,House and Garden
Visa,2024/12/26,2024122601,DEBIT,8920,"DARK HORSE COFFEE KAPITI",-49.8,Food
Visa,2024/12/26,2024122602,DEBIT,8920,"APPLE.COM/BILL SYDNEY",-4.99,Phones Internet TV
Visa,2024/12/27,2024122701,DEBIT,8920,"Spotify P32AFAE1D5 Stockholm",-18.99,Phones Internet TV
Visa,2024/12/28,2024122801,DEBIT,8920,"AMAZON PRIME VIDEO NZ SINGAPORE",-1.99,Phones Internet TV
Visa,2024/12/28,2024122802,DEBIT,8920,"Spotify AB STOCKHOLM",-19.99,Phones Internet TV
Visa,2024/12/31,2024123101,DEBIT,8920,"MY FOOD BAG Auckland",-124.59,Food
Visa,2025/01/01,2025010101,DEBIT,8128,"HIREPOOL LIMITED PARAPARAUMU",-185.0,House and Garden
Visa,2025/01/01,2025010102,DEBIT,8920,"Tinyme Southbank",-32.5,Helen
Visa,2025/01/01,2025010103,CREDIT,8128,"HIREPOOL LIMITED PARAPARAUMU",61.71,House and Garden
Visa,2025/01/02,2025010201,DEBIT,8920,"Woolworths Online Favona",-128.06,Food
Visa,2025/01/03,2025010301,DEBIT,8128,"Midwest Disposals Otaihanga",-22.0,House and Garden
Visa,2025/01/03,2025010302,DEBIT,8128,"Placemakers Kapiti Paraparaumu",-35.7,House and Garden
Visa,2025/01/03,2025010303,DEBIT,8128,"AMAZON WEB SERVICES AUCKLAND",-9.72,Pat
Visa,2025/01/03,2025010304,DEBIT,8128,"PAYPAL  STOCK ROVER 4029357733",-14.9,Pat
Visa,2025/01/03,2025010305,DEBIT,8128,"GOOGLE  SERVICES AUCKLAND 16.56 US DOLLAR at a Conversion Rate  of 0.5585 (NZ$29.65)",-29.65,Phones Internet TV
Visa,2025/01/03,2025010306,DEBIT,8128,"OFFSHORE SERVICE MARGINS",-0.62,Interest and Bank Charges
Visa,2025/01/03,2025010307,DEBIT,8920,"aliexpress London",-58.43,online shopping
Visa,2025/01/04,2025010401,DEBIT,8128,"Animates Coastlands Ellerslie",-158.94,Rosie
Visa,2025/01/05,2025010501,DEBIT,8920,"Dominos Estore PARAPARAUM dominos.co.nz",-37.69,Food
Visa,2025/01/05,2025010502,DEBIT,8920,"NZH PREMIUM CONTENT 093739276",-24.0,Phones Internet TV
Visa,2025/01/07,2025010701,DEBIT,8920,"MY FOOD BAG Auckland",-128.98,Food
Visa,2025/01/07,2025010702,CREDIT,8920,"PAYMENT RECEIVED drawings",5000.0,Transfer
Visa,2025/01/08,2025010801,DEBIT,8128,"Z Kapiti Paraparaumt",-132.97,Car
Visa,2025/01/09,2025010901,DEBIT,8920,"DARK HORSE COFFEE KAPITI",-49.8,Food
Visa,2025/01/09,2025010902,DEBIT,8920,"Woolworths Online Favona",-154.7,Food
Visa,2025/01/09,2025010903,DEBIT,8128,"MITRE 10 MEGA KAPITI PARAPARAUMU",-123.07,House and Garden
Visa,2025/01/10,2025011001,DEBIT,8920,"Paperplus Coastlands Paraparaumu",-54.0,House and Garden
Visa,2025/01/10,2025011002,DEBIT,8128,"MITRE 10 MEGA KAPITI PARAPARAUMU",-16.99,House and Garden
Visa,2025/01/10,2025011003,DEBIT,8920,"IAG NZ - ASB INSURANCE AUCKLAND",-47.39,Insurance
Visa,2025/01/10,2025011004,DEBIT,8920,"IAG NZ - ASB INSURANCE AUCKLAND",-519.34,Insurance
Visa,2025/01/10,2025011005,DEBIT,8920,"IAG NZ - ASB INSURANCE AUCKLAND",-79.36,Insurance
Visa,2025/01/11,2025011101,DEBIT,8920,"Air NZ Online Auckland",-706.6,Transfer
Visa,2025/01/11,2025011102,DEBIT,8920,"LIFE PHARMACY KAPITI PARAPARAUMU",-5.99,health
Visa,2025/01/11,2025011103,DEBIT,8920,"WAREHOUSE STATIONARY 331 PARAPARAUMU",-39.0,House and Garden
Visa,2025/01/11,2025011104,DEBIT,8128,"HIREPOOL LIMITED PARAPARAUMU",-135.0,House and Garden
Visa,2025/01/11,2025011105,DEBIT,8128,"PAYPAL  MICROSOFTNE 4029357733",-17.0,Phones Internet TV
Visa,2025/01/12,2025011201,DEBIT,8920,"WELLINGTON INTERNATI WELLINGTON",-84.0,Transfer
Visa,2025/01/12,2025011202,CREDIT,8128,"HIREPOOL LIMITED PARAPARAUMU",43.49,House and Garden
Visa,2025/01/13,2025011301,DEBIT,8128,"PAYPAL  GOOGLE GOOGLE 4029357733",-3.49,Phones Internet TV
Visa,2025/01/14,2025011401,DEBIT,8128,"ST PIERRE'S LAMBTON SQUAR WELLINGTON",-11.6,Food
Visa,2025/01/14,2025011402,DEBIT,8920,"MY FOOD BAG Auckland",-128.98,Food
Visa,2025/01/15,2025011501,DEBIT,8920,"New World Timaru Timaru",-46.37,Food
Visa,2025/01/15,2025011502,DEBIT,8920,"Woolworths Online Favona",-101.71,Food
Visa,2025/01/15,2025011503,DEBIT,8920,"UNITED BREW WORKS WELLINGTON",-20.91,Helen
Visa,2025/01/15,2025011504,DEBIT,8920,"UNITED BREW WORKS WELLINGTON",-15.3,Helen
Visa,2025/01/16,2025011601,DEBIT,8920,"DARK HORSE COFFEE KAPITI",-49.8,Food
Visa,2025/01/18,2025011801,DEBIT,8128,"ST PIERRE'S LAMBTON SQUAR WELLINGTON",-11.6,Food
Visa,2025/01/18,2025011802,DEBIT,8920,"NEON AUCKLAND",-12.99,Phones Internet TV
Visa,2025/01/19,2025011901,DEBIT,8128,"MITRE 10 MEGA KAPITI PARAPARAUMU",-76.33,House and Garden
Visa,2025/01/19,2025011902,DEBIT,8128,"MITRE 10 MEGA KAPITI PARAPARAUMU",-5.67,House and Garden
Visa,2025/01/20,2025012001,DEBIT,8920,"Dominos Estore PARAPARAUM dominos.co.nz",-31.69,Food
Visa,2025/01/20,2025012002,DEBIT,8128,"MITRE 10 MEGA KAPITI PARAPARAUMU",-153.93,House and Garden
Visa,2025/01/20,2025012003,DEBIT,8128,"COMPOSTING HUTT VALLEY UPPER HUTT",-81.52,House and Garden
Visa,2025/01/21,2025012101,DEBIT,8128,"THE WAREHOUSE 135 PARAPAR WELLINGTON",-17.0,House and Garden
Visa,2025/01/21,2025012102,DEBIT,8920,"WELLINGTON AIRPORT WELLINGTON",-11.0,Holidays and Entertainment
Visa,2025/01/21,2025012103,DEBIT,8920,"Woolworths Online Favona",-205.35,Food
Visa,2025/01/21,2025012104,DEBIT,8920,"UNITED BREW WORKS WELLINGTON",-13.26,Holidays and Entertainment
Visa,2025/01/21,2025012105,DEBIT,8920,"MY FOOD BAG Auckland",-128.98,Food
Visa,2025/01/22,2025012201,DEBIT,8920,"Kapiti Dental Clinic Paraparaumu",-400.0,health
Visa,2025/01/23,2025012301,DEBIT,8920,"Z Mana Mana",-114.24,Car
Visa,2025/01/23,2025012302,DEBIT,8920,"Amazon Prime Z58YK67J1 Amzn.com/bill WA 14.99 US DOLLAR at a Conversion Rate  of 0.5614 (NZ$26.70)",-26.7,Phones Internet TV
Visa,2025/01/23,2025012303,DEBIT,8920,"OFFSHORE SERVICE MARGINS",-0.56,Interest and Bank Charges
Visa,2025/01/24,2025012401,DEBIT,8920,"Paperplus Coastlands Paraparaumu",-3.0,Helen
Visa,2025/01/24,2025012402,DEBIT,8920,"Animates Coastlands Ellerslie",-52.68,Rosie
Visa,2025/01/24,2025012403,DEBIT,8920,"Paperplus Coastlands Paraparaumu",-23.48,Helen
Visa,2025/01/24,2025012404,DEBIT,8920,"Paperplus Coastlands Paraparaumu",-8.5,Helen
Visa,2025/01/25,2025012501,DEBIT,8920,"Dominos Estore PARAPARAUM dominos.co.nz",-55.73,Food
Visa,2025/01/25,2025012502,DEBIT,8920,"WAREHOUSE STATIONARY 331 PARAPARAUMU",-16.0,Helen
Visa,2025/01/25,2025012503,DEBIT,8128,"ST PIERRE'S LAMBTON SQUAR WELLINGTON",-11.6,Food
Visa,2025/01/26,2025012601,DEBIT,8920,"APPLE.COM/BILL SYDNEY",-4.99,Phones Internet TV
Visa,2025/01/27,2025012701,DEBIT,8920,"Spotify P3387797A3 Stockholm",-18.99,Phones Internet TV
Visa,2025/01/28,2025012801,DEBIT,8920,"Dominos Estore PARAPARAUM dominos.co.nz",-31.74,Food
Visa,2025/01/28,2025012802,DEBIT,8128,"ST PIERRE'S LAMBTON SQUAR WELLINGTON",-11.6,Food
Visa,2025/01/28,2025012803,DEBIT,8128,"PAYPAL  EVENTCINEMA 4029357733",-33.2,Holidays and Entertainment
Visa,2025/01/28,2025012804,DEBIT,8920,"MY FOOD BAG Auckland",-128.98,Food
Visa,2025/01/29,2025012901,DEBIT,8920,"Woolworths Online Favona",-150.67,Food
Visa,2025/01/30,2025013001,DEBIT,8920,"DARK HORSE COFFEE KAPITI",-49.8,Food
Streamline,2025/02/04,2025020401,BILLPAY,"PMT TO FC03-0732-0306101-00","BILL PAYMENT TO KDC water rates",-134.35,House and Garden
Streamline,2025/02/07,2025020701,A/P,"Our savings","A/P savings",-500.00,Transfer
Streamline,2025/02/07,2025020702,D/D,"KCDC RATES","D/D KAPITI RATES 21 GAVIN RD 1528235800",-187.84,House and Garden
Streamline,2025/02/07,2025020703,D/D,"ENVIRO NZ","D/D ENVIRO NZ SE  EC0000118469",-53.46,House Maintenance
Streamline,2025/02/08,2025020801,A/P,"ASB KiwiSaver","A/P 018-975-203 Ryan kiwisaver",-100.00,Transfer
Streamline,2025/02/10,2025021001,D/D,"Royal New Zealand Fo","D/D ",-35.00,Gifts
Streamline,2025/02/11,2025021101,D/C,"D/C FROM From MR F J RYAN","Fergus",120.00,Transfer
Streamline,2025/02/13,2025021301,D/D,"Southern Cross Healt","D/D 000036972353 2040493",-109.21,health
Streamline,2025/02/14,2025021401,A/P,"Our savings","A/P savings",-100.00,Transfer
Streamline,2025/02/16,2025021601,EFTPOS,"LIFE PHARMACY COASTLAND PARAPARAUMU","EFTPOS",-69.99,health
Streamline,2025/02/17,2025021701,EFTPOS,"The Cut Hairdressing Otaki","EFTPOS",-100.00,Helen
Streamline,2025/02/21,2025022101,D/D,"KCDC RATES","D/D KAPITI RATES 21 GAVIN RD 1528235800",-187.84,House and Garden
Streamline,2025/02/27,2025022701,D/D,"MERCURY NZ LTD","D/D MERCURY LIMI 00025063721 110038746",-156.96,Power
Streamline,2025/02/27,2025022702,D/C,"D/C FROM PAYPAL PTE LTD","104051847981 NZD Transfer 5",125.74,no category
Streamline,2025/02/27,2025022703,D/D,"Southern Cross Healt","D/D 000037102189 2040493",-109.21,health
Streamline,2025/02/28,2025022801,BILLPAY,"PMT TO FC01-0546-0256382-00","BILL PAYMENT TO SalviEspress rocketservic inv10020310",-276.00,House Maintenance
Streamline,2025/03/03,2025030301,TFR IN,"MB TRANSFER","EX 12-3157- 0148824-50 drawings",2000.00,Transfer
Visa,2025/02/01,2025020101,DEBIT,8128,"ST PIERRE'S LAMBTON SQUAR WELLINGTON",-12.5,Food
Visa,2025/02/02,2025020201,DEBIT,8128,"HARTLEYS HAIR PARAPARAUMU",-48.0,Pat
Visa,2025/02/03,2025020301,DEBIT,8128,"AMAZON WEB SERVICES AUCKLAND",-9.9,Pat
Visa,2025/02/03,2025020302,DEBIT,8920,"VAPO AUCKLAND",-63.0,Helen
Visa,2025/02/03,2025020303,DEBIT,8128,"PAYPAL  STOCK ROVER 4029357733",-14.83,Pat
Visa,2025/02/03,2025020304,DEBIT,8128,"GOOGLE  SERVICES AUCKLAND 16.56 US DOLLAR at a Conversion Rate  of 0.5623 (NZ$29.45)",-29.45,Phones Internet TV
Visa,2025/02/03,2025020305,DEBIT,8128,"OFFSHORE SERVICE MARGINS",-0.62,Interest and Bank Charges
Visa,2025/02/04,2025020401,DEBIT,8128,"ST PIERRE'S LAMBTON SQUAR WELLINGTON",-7.99,Food
Visa,2025/02/05,2025020501,DEBIT,8920,"MY FOODBAG MEALKITS AUCKLAND",-128.98,Food
Visa,2025/02/05,2025020502,DEBIT,8128,"THE WAREHOUSE 135 PARAPAR WELLINGTON",-20.0,House and Garden
Visa,2025/02/05,2025020503,DEBIT,8920,"Woolworths Online Favona",-129.8,Food
Visa,2025/02/05,2025020504,DEBIT,8128,"LIFE PHARMACY KAPITI PARAPARAUMU",-14.99,health
Visa,2025/02/05,2025020505,DEBIT,8920,"LOW ON TIME LOWER HUTT",-25.0,no category
Visa,2025/02/05,2025020506,DEBIT,8920,"APPLE.COM/BILL SYDNEY",-5.99,Phones Internet TV
Visa,2025/02/06,2025020601,DEBIT,8920,"DARK HORSE COFFEE KAPITI",-49.8,Food
Visa,2025/02/06,2025020602,DEBIT,8128,"ST PIERRE'S LAMBTON SQUAR WELLINGTON",-8.49,Food
Visa,2025/02/07,2025020701,DEBIT,8128,"WOOLWORTHS NZ/COASTLANDS PARAPARAUMU",-56.26,Food
Visa,2025/02/07,2025020702,DEBIT,8128,"WOOLWORTHS NZ/COASTLANDS PARAPARAUMU",-28.0,Food
Visa,2025/02/07,2025020703,DEBIT,8920,"WOOLWORTHS NZ/COASTLANDS PARAPARAUMU",-9.78,Food
Visa,2025/02/07,2025020704,DEBIT,8920,"FARMERS ONLINE AUCKLAND",-62.98,no category
Visa,2025/02/07,2025020705,CREDIT,8920,"PAYMENT RECEIVED THANK YOU",5000.0,Transfer
Visa,2025/02/08,2025020801,DEBIT,8920,"LIFE PHARMACY KAPITI PARAPARAUMU",-5.0,health
Visa,2025/02/08,2025020802,DEBIT,8920,"VAPE VEND PARAPARAUMU",-17.0,Helen
Visa,2025/02/10,2025021001,DEBIT,8920,"Air NZ Online Auckland",-80.0,Holidays and Entertainment
Visa,2025/02/10,2025021002,DEBIT,8920,"IAG NZ - ASB INSURANCE AUCKLAND",-47.39,Insurance
Visa,2025/02/10,2025021003,DEBIT,8920,"IAG NZ - ASB INSURANCE AUCKLAND",-519.34,Insurance
Visa,2025/02/10,2025021004,DEBIT,8920,"IAG NZ - ASB INSURANCE AUCKLAND",-79.36,Insurance
Visa,2025/02/11,2025021101,DEBIT,8920,"Mighty APE Limited Millwater",-33.94,no category
Visa,2025/02/12,2025021201,DEBIT,8920,"Woolworths Online Favona",-114.42,Food
Visa,2025/02/12,2025021202,DEBIT,8920,"MY FOODBAG MEALKITS AUCKLAND",-128.98,Food
Visa,2025/02/13,2025021301,DEBIT,8920,"Finesse Beauty Therapy Paraparaumu",-109.14,Helen
Visa,2025/02/13,2025021302,DEBIT,8128,"PAYPAL  GOOGLE GOOGLE 4029357733",-3.49,Phones Internet TV
Visa,2025/02/13,2025021303,DEBIT,8920,"Kapiti Oral Health C Paraparaumu",-175.0,health
Visa,2025/02/13,2025021304,CREDIT,8920,"IAG NZ - ASB INSURANCE AUCKLAND",47.39,Insurance
Visa,2025/02/13,2025021305,CREDIT,8920,"IAG NZ - ASB INSURANCE AUCKLAND",47.4,Insurance
Visa,2025/02/13,2025021306,CREDIT,8920,"IAG NZ - ASB INSURANCE AUCKLAND",17.49,Insurance
Visa,2025/02/13,2025021307,CREDIT,8920,"IAG NZ - ASB INSURANCE AUCKLAND",47.4,Insurance
Visa,2025/02/13,2025021308,CREDIT,8920,"IAG NZ - ASB INSURANCE AUCKLAND",47.39,Insurance
Visa,2025/02/13,2025021309,CREDIT,8920,"IAG NZ - ASB INSURANCE AUCKLAND",47.4,Insurance
Visa,2025/02/13,2025021310,CREDIT,8920,"IAG NZ - ASB INSURANCE AUCKLAND",47.4,Insurance
Visa,2025/02/14,2025021401,DEBIT,8920,"Dominos Estore PARAPARAUM dominos.co.nz",-31.74,Food
Visa,2025/02/14,2025021402,DEBIT,8128,"ST PIERRE'S LAMBTON SQUAR WELLINGTON",-11.6,Food
Visa,2025/02/14,2025021403,DEBIT,8920,"Grylls Keleher   Matthe Paraparaumu",-448.44,health
Visa,2025/02/15,2025021501,DEBIT,8920,"LIQUOR LORDS KAPITI PARAPARAUMU",-51.98,Holidays and Entertainment
Visa,2025/02/16,2025021601,DEBIT,8920,"Animates Coastlands Ellerslie",-171.93,Rosie
Visa,2025/02/17,2025021701,DEBIT,8128,"NEW WORLD KAPITI PARAPARAUMU",-9.49,Food
Visa,2025/02/17,2025021702,DEBIT,8128,"MITRE 10 MEGA KAPITI PARAPARAUMU",-23.98,House and Garden
Visa,2025/02/17,2025021703,DEBIT,8128,"MITRE 10 MEGA KAPITI PARAPARAUMU",-30.84,House and Garden
Visa,2025/02/17,2025021704,DEBIT,8128,"MITRE 10 MEGA KAPITI PARAPARAUMU",-43.98,House and Garden
Visa,2025/02/17,2025021705,DEBIT,8128,"MOBIL KAPITI PARAPARAUMU",-134.51,Car
Visa,2025/02/18,2025021801,DEBIT,8920,"NEON AUCKLAND",-12.99,Phones Internet TV
Visa,2025/02/19,2025021901,DEBIT,8920,"Woolworths Online Favona",-107.11,Food
Visa,2025/02/19,2025021902,DEBIT,8920,"MY FOODBAG MEALKITS AUCKLAND",-128.98,Food
Visa,2025/02/19,2025021903,DEBIT,8920,"Dominos Estore PARAPARAUM dominos.co.nz",-31.74,Food
Visa,2025/02/20,2025022001,DEBIT,8920,"DARK HORSE COFFEE KAPITI",-49.8,Food
Visa,2025/02/20,2025022002,DEBIT,8920,"NZ TRANSPORT AGENCY-ECOM PALMERSTON NO",-135.84,Car
Visa,2025/02/22,2025022201,DEBIT,8920,"2DEGREES MOBILE AUCKLAND",-100.0,Phones Internet TV
Visa,2025/02/23,2025022301,DEBIT,8920,"VAPO AUCKLAND",-38.48,Helen
Visa,2025/02/24,2025022401,DEBIT,8128,"VAPE VEND PARAPARAUMU",-22.0,Helen
Visa,2025/02/25,2025022501,DEBIT,8920,"Dominos Estore PARAPARAUM dominos.co.nz",-38.24,Food
Visa,2025/02/26,2025022601,DEBIT,8920,"MY FOODBAG MEALKITS AUCKLAND",-128.98,Food
Visa,2025/02/26,2025022602,DEBIT,8920,"Woolworths Online Favona",-155.35,Food
Visa,2025/02/26,2025022603,DEBIT,8920,"APPLE.COM/BILL SYDNEY",-4.99,Phones Internet TV
Visa,2025/02/27,2025022701,DEBIT,8128,"ST PIERRE'S LAMBTON SQUAR WELLINGTON",-7.99,Food
Visa,2025/03/02,2025030201,DEBIT,8128,"PAK N SAVE KAPITI PARAPARAUMU",-9.9,Food
Visa,2025/03/02,2025030202,DEBIT,8128,"WOOLWORTHS NZ/COASTLANDS PARAPARAUMU",-15.37,Food
Visa,2025/03/03,2025030301,DEBIT,8128,"AMAZON WEB SERVICES AUCKLAND",-9.81,Pat
Visa,2025/03/03,2025030302,DEBIT,8128,"PAYPAL  STOCK ROVER 4029357733",-14.91,Pat
Visa,2025/03/03,2025030303,DEBIT,8128,"GOOGLE  SERVICES AUCKLAND 0.59 US DOLLAR at a Conversion Rate  of 0.5566 (NZ$1.06)",-1.06,Phones Internet TV
Visa,2025/03/03,2025030304,DEBIT,8128,"OFFSHORE SERVICE MARGINS",-0.02,Interest and Bank Charges
